0001111088492,DNE
0001111000700,1.69
0001111087239,2.49
0004400000474,3.99
0004400002735,3.99
0001111000975,DNE
0001111084630,DNE
0001111087238,2.49
0001111078755,DNE
0001111000753,1.69
0006731200568,DNE
0001111090853,2.59
0001111090854,2.59
0001410007410,3.89
0001410007952,3.89
0001111003377,DNE
0001111003087,DNE
0001111089330,DNE
0001111089319,DNE
0001111087538,DNE
0001410009842,3.49
0001111087200,2.59
0001111080964,DNE
0001111090857,2.59
0001111089332,DNE
0001410007712,3.49
0001410004854,DNE
0001410007445,3.89
0001410007444,3.89
0001410007522,3.49
0085380700582,DNE
0001111085642,22.79
0001111080968,DNE
0004173601014,7.99
0004173601013,10.29
0004173601028,19.29
0001111085641,16.99
0001111004412,DNE
0001111004417,DNE
0001111090667,8.69
0001111004419,DNE
0001111003333,DNE
0001111089079,DNE
0001111085973,DNE
0001111004418,DNE
0001111003335,DNE
0001111003336,DNE
0002700069086,4.99
0001111004416,DNE
0004179021426,9.99
0004179000225,17.49
0001111003641,DNE
0001111003416,DNE
0076172005820,9.29
0005150024234,5.99
0001111084624,4.49
0001111078974,DNE
0001111078961,DNE
0001111003210,DNE
0005150016948,10.49
0001111085637,5.49
0001111085632,1.69
0001111087351,4.49
0002670015212,6.99
0001111080324,8.29
0001111085628,3.19
0001282200907,3.59
0001111090121,DNE
0001111086199,4.49
0005150099283,9.99
0001111085606,5.19
0001111085607,1.79
0001111003784,DNE
0001111004320,DNE
0001111003785,DNE
0001111085181,2.69
0001111085796,2.69
0001111072245,0.99
0001111070210,1.49
0001111004318,DNE
0001111088974,DNE
0001111086842,2.99
0001111003783,DNE
0001111070209,1.49
0001111071422,1.59
0001111085196,1.79
0001111086809,3.29
0001111085793,2.69
0006414404850,DNE
0001111086203,4.99
0001111086200,0.99
0001111086202,2.99
0001111087166,13.99
0001111000522,2.99
0007321000205,3.19
0001111003113,DNE
0001111086204,1.09
0001111003110,DNE
0007357529500,2.69
0001111000517,1.89
0002840058928,3.69
0002840058927,3.69
0002840058929,3.69
0001111088981,1.99
0001111002849,DNE
0001111045043,1.39
0001111044500,2
0001111044760,1.39
0001111044217,3.89
0001111044700,1.39
0001111044445,1.39
0001111044450,2
0001111037210,2.99
0001111079311,1
0001111035091,1.99
0004126036370,5.99
0004126038667,DNE
0004126036336,7.29
0004126037191,3.79
0030031875618,DNE
0004126000339,DNE
0004126035421,3.79
0004126033472,3.49
0001111032730,3.49
0032390001436,9.29
0031254662219,1.89
0004126036430,1
0031254663261,1.89
0004126033254,1
0004126036434,1.99
0004126036431,1
0004126036432,1
0031254662749,1.89
0031254662141,4.19
0031254662869,1.89
0031254662936,1.89
0031254662542,1.89
0031254662213,1.89
0031254600187,1.89
0003010012454,DNE
0007641090138,3.29
0000980080005,1.59
0001111090425,DNE
0004400003545,2.99
0007641052260,3.29
0001111058584,1.99
0001111003021,DNE
0001111009129,3.19
0001111009642,5.69
0001111085300,1.89
0001111008621,2.39
0001111009738,1.99
0001111088198,DNE
0001111019995,8.99
0001111086297,1
0001111084162,3.59
0001111084160,3.59
0007641090499,DNE
0001111084422,DNE
0001111090426,DNE
0004400003111,2.99
0001111003430,DNE
0001111008623,2.39
0001111090427,DNE
0001111001980,2.19
0001111083597,0.98
0001111088571,DNE
0001111009097,1.29
0001111085303,1.89
0001111086781,1.79
0001111086782,1.79
0001111009094,1.29
0004400000055,3.49
0001111085301,1.89
0001111088126,DNE
0001111080903,3.69
0001111088120,DNE
0001111088109,DNE
0001111050312,5.29
0001111088150,DNE
0001111001058,DNE
0001111088093,DNE
0001111088153,DNE
0001111088132,DNE
0001111088111,DNE
0001111050313,2.89
0001111050317,1.99
0001111088151,1.99
0001111059935,1.19
0001111086130,DNE
0002100000729,3.69
0001111059963,1.19
0001111086132,DNE
0001111086236,2.49
0001111086240,1.79
0001111083463,DNE
0001111086131,DNE
0001111050266,1.69
0001111050074,DNE
0001111050357,1.99
0001111035357,1.79
0004126036969,5.99
0004126000313,DNE
0004126035275,2.29
0004119689102,1.99
0001111085765,3.79
0001111003778,DNE
0001111090271,1.99
0001111050637,0.4
0001111050641,0.4
0001111050638,0.4
0001111050643,0.4
0001111050644,0.4
0001111050645,0.4
0001111050612,0.4
0001111050646,0.4
0001111050647,0.4
0001111050654,0.4
0001111050649,0.4
0001111050655,0.4
0001111050659,0.4
0001111050662,1.99
0001111050660,0.4
0001111003822,DNE
0001111003824,DNE
0001707710232,2.99
0085808900349,DNE
0001111007368,4.99
0001111018008,4.99
0001111032640,4.99
0001111003224,DNE
0001111003326,DNE
0001111061062,DNE
0004157352701,7.99
0001111003220,DNE
0001111003321,DNE
0001111065887,DNE
0001111050039,4.99
0001111003271,DNE
0001111003373,DNE
0004157352700,7.99
0004157352702,8.99
0001111003219,DNE
0001111003322,DNE
0001111099071,4.99
0001111003152,DNE
0001111065889,DNE
0001111003083,2.99
0001111003084,2.99
0001111099315,2.59
0001111018006,DNE
0001111020117,DNE
0001111064101,DNE
0001111064100,DNE
0004157352334,3.99
0001111003218,DNE
0001111003194,DNE
0001111003231,DNE
0001111003225,DNE
0001111003331,DNE
0004157352703,8.99
0001111008973,DNE
0001111008974,DNE
0001111020116,DNE
0027565000000,9.99
0022564800000,6.49
0022566000000,6.49
0022594300000,6.49
0023726770000,DNE
0022764600000,7.99
0022570730000,DNE
0001111097725,2.79
0004157352331,4.99
0022627800000,6.99
0022626600000,6.99
0022770000000,6.99
0001111019029,4.99
0022637600000,6.99
0022623200000,6.99
0022615300000,6.99
0001111021020,4.99
0022769200000,6.99
0022620100000,6.99
0022629600000,6.99
0027576000000,9.99
0027576600000,9.99
0023576140000,DNE
0001111060253,4.99
0024576450000,7.99
0022575400000,7.99
0001111060252,4.99
0001111097036,2.49
0001111097035,2.49
0004470008343,DNE
0004450032953,3.99
0001111097065,2.59
0004157352332,4.99
0001111081988,DNE
0001111007440,5.99
0001111021381,4.99
0001111099836,3.5
0001111070027,DNE
0001111060277,3.5
0001111099837,3.5
0001111099231,3.49
0001111091988,DNE
0001111097340,3.99
0001111097244,3.99
0001111036596,DNE
0027557900000,7.99
0022594100000,9.99
0022572100000,9.99
0022586500000,9.99
0001111085022,DNE
0001111085080,DNE
0001111060251,4.99
0027593700000,9.99
0022593700000,8.49
0004157352330,4.99
0024581150000,7.99
0022585600000,8.49
0022582900000,8.49
0001111060255,4.99
0027593400000,9.99
0021585510000,DNE
0003500055190,3.79
0004126000324,DNE
0003700094478,DNE
0007940044870,DNE
0003700012433,No price
0007940050720,2.99
0007940076420,1.89
0001111089431,DNE
0001111082797,3.99
0001111079403,3.99
0001111089434,DNE
0001111089435,DNE
0004126035928,19.49
0004126035929,29.49
0071683785550,17.99
0001111038221,6.99
0004126034608,9.79
0004126037081,7.99
0030045013724,DNE
0001111079520,2.59
0004126037271,3.99
0001111035273,2.99
0004126000316,DNE
0001111034277,5.49
0004126036978,6.99
0004126000305,DNE
0004126000304,DNE
0004126037071,2.99
0004126000181,DNE
0004126034750,2.19
0004126037743,DNE
0002052518367,17.99
0004126036079,6.99
0004126000327,DNE
0004126000295,DNE
0004126038551,DNE
0004126037070,2.99
0004126037069,2.99
0001111038465,2.19
0004126000303,DNE
0004126038070,DNE
0004126033182,DNE
0004126034770,13.99
0004126037519,18.99
0004126034769,7.99
0001111035461,3.19
0001650055459,7.29
0004126036133,17.99
0001111038545,2.19
0004126000182,DNE
0004126033883,5.29
0004126036339,4.69
0004126038040,DNE
0081990301028,7.99
0004126037742,DNE
0001111079456,2.19
0001111079521,2.59
0001111038547,1.99
0001111032831,8.49
0001111038559,5.49
0004126036072,14.99
0004126036071,11.99
0004126035285,7.49
0004126034097,14.99
0004126038016,DNE
0001111038546,1.99
0030149003977,6.59
0004126038042,DNE
0004126037288,13.49
0001111035356,1.49
0001111079608,1.99
0001111034011,3.19
0004126034606,3.39
0001111079807,3.39
0001111034280,2.29
0004126033427,2.99
0004126033425,7.59
0001111034010,2.49
0004126038595,DNE
0004126037073,2.99
0004126034385,7.39
0001650057101,DNE
0004126038071,DNE
0004126038704,DNE
0001111034561,3.29
0004126038550,DNE
0004126036078,4.99
0001111002094,DNE
0001111046225,1.99
0001111046270,1.39
0001111046770,2
0001111046778,1.39
0001111003896,DNE
0001111046164,1.39
0001111046080,2
0001111046092,3.99
0001111046235,1.29
0001111046602,1.39
0007110021300,3.79
0001111046237,1.39
0001111050061,DNE
0001111085001,2.99
0001111085002,2.99
0002840000024,2.99
0001111085308,2.69
0002840000022,2.99
0002840000078,2.99
0001111085307,2.69
0001111046764,1.39
0003700091094,DNE
0003700074457,DNE
0001111003691,DNE
0001111084602,2.39
0001111078844,2.99
0001111078845,8.69
0001111003678,DNE
0001111003677,DNE
0004126035631,2.99
0004126035630,2.99
0001111089648,DNE
0001111034044,2.59
0004126033160,9.99
0004126034282,4.49
0001111086569,1.29
0001111003679,DNE
0001111003676,DNE
0001111081187,3.69
0001111080564,3.69
0001111078847,8.69
0001111078846,2.99
0004126036720,2.99
0003700098089,DNE
0003700039713,DNE
0002310001004,0.97
0002310010312,13.99
0005849604347,13.99
0001111086646,1.59
0001111086645,1.59
0001111086644,1.59
0001111089063,DNE
0001111089066,DNE
0001111083359,0.99
0001111083370,0.99
0001111001942,DNE
0001111002586,DNE
0001111086768,8.79
0001111003660,DNE
0001111002587,DNE
0001111002592,DNE
0001111002589,DNE
0001111003661,DNE
0001111002738,DNE
0001111089075,DNE
0001111002588,DNE
0001111003662,DNE
0001111002591,DNE
0001111003666,DNE
0001111002590,DNE
0001111003663,DNE
0001111003668,DNE
0004300095352,2.99
0004300095543,0.25
0004300095527,0.25
0004300094502,2.79
0004300007366,DNE
0001111084196,2.59
0081097900618,2.79
0001111081741,1.99
0001111002609,DNE
0001111089013,DNE
0001111084327,No price
0001111004288,DNE
0001111004287,DNE
0001111084326,1.79
0001111002538,DNE
0001111084328,1.79
0001111090549,1.99
0001111084315,1.99
0001111081742,1.99
0001111084313,1.99
0001111001578,2.59
0001111076309,3.69
0001111061070,DNE
0001111076306,2.39
0001111078769,2.59
0001111002815,DNE
0001111078770,DNE
0001111002537,DNE
0001111084195,2.59
0001111084205,1.79
0001111089650,DNE
0001111084938,1
0001111089689,DNE
0001111089617,DNE
0001111089634,DNE
0001111089709,DNE
0001111089668,DNE
0001111089864,DNE
0001111084753,3.69
0001111089622,DNE
0001111035692,2.49
0004126036144,3.79
0004126038643,DNE
0004126034649,3.79
0004126037509,1.59
0001111003987,DNE
0001111004163,DNE
0001111086570,DNE
0001111083095,DNE
0001111060914,7.89
0001111060980,3.69
0007631430193,9.99
0088589800041,6.49
0007631430319,9.99
0007631430202,9.99
0064422572710,1.67
0064422572778,DNE
0064422573079,DNE
0064422572773,1.67
0064422572779,1.67
0064422572783,1.67
0064422573082,DNE
0007084700003,2.49
0061126920643,DNE
0004126037076,7.29
0004126036518,1.5
0001111004314,DNE
0001111004313,DNE
0004126038642,DNE
0004126035237,5.89
0001111037954,6.49
0004126037336,1.99
0001111038595,2.79
0004126034443,7.49
0001111038601,3.89
0003600050091,DNE
0004126000500,DNE
0038137003289,5.49
0038137003361,5.29
0038137001936,5.29
0004126038480,DNE
0004126038273,DNE
0004126038577,DNE
0004126038581,DNE
0008730070005,4.99
0004126038272,DNE
0004126038254,DNE
0007301001045,7.69
0004126038455,DNE
0004126038404,DNE
0004126038408,DNE
0004126038409,DNE
0004126038412,DNE
0004126038413,DNE
0004126000298,DNE
0004126000297,DNE
0085140900700,DNE
0004126000306,DNE
0004126038094,DNE
0004126038148,DNE
0007096900009,2.49
0001111071419,1.89
0001111086753,2.79
0002550020527,7.99
0002550020529,7.99
0002550000368,12.99
0004126037089,2.5
0001111083723,2.29
0001111080263,DNE
0001111080258,DNE
0001111086852,1.99
0001111083750,2.29
0004126035078,2.99
0001111087137,2.39
0001111087135,2.39
0004126033845,2.5
0001111086861,2.99
0001111088550,DNE
0001111037166,2.99
0001111037561,1.59
0004126036189,9.49
0004126037603,5.59
0004126038131,DNE
0004126033001,5.49
0004126034204,1.99
0004157303807,DNE
0001111004321,DNE
0001111005624,DNE
0001111019922,DNE
0001111013509,DNE
0001111016665,2.19
0001111016222,2.19
0001111010731,1.29
0001111016004,2.19
0001111013507,DNE
0001111050220,3.99
0004144947032,2.59
0004117545507,3.99
0001111001014,DNE
0000000004032,4.99
0001111000876,DNE
0001111088239,DNE
0001111086219,2.49
0001111084169,2.49
0001111088214,DNE
0001111097205,3
0001111085566,DNE
0001111090655,1.99
0001111090654,1.99
0001111082550,DNE
0001111001006,DNE
0001111085363,DNE
0001111090803,DNE
0001111090653,1.99
0001111086015,DNE
0001111000965,DNE
0001111087386,2.99
0001111087385,2.99
0069511912030,6.99
0069511912000,6.99
0069511912010,6.99
0001111086176,DNE
0007007781127,DNE
0001111087422,1.69
0001111090380,DNE
0001111001944,4.29
0001111083987,2.99
0001111081655,DNE
0001111003655,DNE
0001111089510,2.99
0001111096691,5.79
0001111083296,1
0001111089509,2.99
0001111000915,8.99
0001111048601,DNE
0001111000650,DNE
0001111000651,DNE
0001111096419,8.49
0002370001450,5.29
0001111065800,DNE
0001111065802,DNE
0001111002296,DNE
0001111087479,1
0001111087447,1
0001111087434,1.69
0001111087432,1
0001111002299,DNE
0001111089077,DNE
0001111086013,DNE
0001111085995,DNE
0001450001384,3.99
0001450001434,7.49
0001111002718,DNE
0001111096715,7.49
0007265500125,3.49
0001380019074,6.99
0001111086011,DNE
0001111096713,7.49
0002113100032,DNE
0005100008375,2.79
0003100000722,1.25
0001111087584,3.99
0001111087586,2.19
0004154861604,4.79
0001111087807,3.99
0001111084669,3.99
0001111082026,8.99
0001111087812,3.99
0004126033330,2.99
0001111087809,3.99
0001111036742,2.99
0007120214023,DNE
0001111084880,6.49
0001111079135,DNE
0001111079134,DNE
0001111087808,3.99
0001111079131,DNE
0001111079130,DNE
0001111079298,3.99
0001111087412,3.99
0001111003252,DNE
0001111087803,3.99
0001111079120,12.99
0001111084663,8.99
0001111087806,12.99
0001111085292,2.69
0002500002544,3.19
0001111087730,1.59
0001111087792,1.79
0001111087777,1.79
0001111087770,1.49
0001111087747,1.79
0002500002558,2.69
0001111085370,3.79
0001111087400,3.79
0001111004161,DNE
0001111004162,DNE
0001111004359,DNE
0001111090138,DNE
0001111089288,11.49
0001111086650,DNE
0001111090256,DNE
0001111000925,DNE
0001111097860,8.99
0001111085329,DNE
0001111087387,DNE
0001111096944,8.49
0001111085244,DNE
0001111085238,DNE
0001111083851,1.29
0001111085354,DNE
0001111085316,DNE
0001111096430,DNE
0001111096007,DNE
0001111080393,1
0001111078658,4.99
0001111078953,5.99
0001111003028,DNE
0001111085764,1
0001111084505,2.99
0001111003670,DNE
0001111088917,5.99
0001111088754,5.99
0001111088915,5.99
0001111088921,5.99
0001111088740,DNE
0007218063245,3.69
0001111084416,1.79
0001111087509,3.99
0001111002919,DNE
0001111087305,2.19
0001111087572,1.79
0001111087589,1.79
0001111087524,2.19
0001111097909,4.29
0001111097161,2.79
0001111097044,2.79
0001111097293,2.79
0001111060164,DNE
0001111019754,DNE
0001111060257,6.99
0001111098010,3.49
0001111049441,DNE
0001111098042,6.99
0001111096367,3.99
0001111000179,DNE
0001111098024,3.49
0001111096397,11.99
0001111096344,12.99
0001111080143,DNE
0001111098048,3.99
0001111096314,9.99
0001111096244,4.99
0001111096359,7.99
0001111096165,5.99
0001111098066,21.99
0001111077991,DNE
0001111089787,1.5
0001111085661,2.79
0001111089733,2.29
0001111085816,4.29
0001111085209,2.79
0001111080589,DNE
0001111089735,1
0001111089741,1
0007056083471,2.49
0001111089789,1
0001111089791,1
0001111089788,1.5
0001111080650,DNE
0001111090463,DNE
0001111008026,DNE
0001111089737,1
0001111089742,1
0001450003157,DNE
0001111089776,1.5
0001111089777,1.5
0001111081914,2.49
0001111084961,DNE
0001111087190,DNE
0001111090465,DNE
0001111078990,3.49
0003800033360,4.99
0001111050751,2.99
0001111050543,2.99
0001111050507,2.99
0001111056053,4.79
0001111080115,DNE
0001111080111,DNE
0001111083765,2
0001111083756,2
0001111090661,2
0001111089894,DNE
0001111000636,DNE
0003485694061,7.99
0001600014705,DNE
0007146430950,2.49
0007146430150,2.49
0007146401663,2.49
0007146401664,2.49
0076235712248,DNE
0076235704411,DNE
0002190850415,DNE
0007146432750,2.49
0007146426040,2.49
0001111086453,2.99
0001111083622,2.99
0001111081069,2.99
0004126037751,3.99
0004126038384,DNE
0001111035124,1.59
0004126038382,DNE
0004300020003,1.19
0004300020147,1.79
0004300008331,DNE
0004300008332,DNE
0004300020006,1.19
0004300008161,DNE
0004300020052,1.59
0004300020136,1.19
0004300020145,1.79
0004126036968,6.69
0004126038433,DNE
0004126038434,DNE
0001111086846,3.29
0001111090393,DNE
0001111001715,DNE
0001111088228,3.49
0001111001693,DNE
0001111088227,3.49
0001111001700,DNE
0001111001674,DNE
0001111090759,DNE
0005100022450,1.99
0004146039888,1
0001300079910,1.99
0001111060374,9.49
0001111097971,6.29
0001111097566,7.99
0001111096972,6.49
0029130540000,6.99
0001111097972,19.99
0001111063461,7.99
0004300007034,6.99
0001111096874,4.99
0001111096873,6.49
0001111097996,3.99
0001111038192,1.99
0004126038061,DNE
0004126036960,4.59
0004126033790,1.99
0001700010902,1.29
0004126038541,DNE
0001878777432,13.99
0063598502598,DNE
0008769200424,DNE
0008769200781,DNE
0007239231921,1.49
0001480064608,2.19
0001480064642,2.19
0001480064694,2.19
0007239231928,1.49
0001111061142,DNE
0001111072980,4.49
0001111001813,DNE
0001111071366,3.99
0001111072465,6.79
0005210000365,5.69
0001111072059,3.39
0001111002368,4.49
0001111001062,3.49
0001111072945,2.99
0001111074491,3.29
0001111068292,2.89
0087520800123,3.49
0001111068312,1.89
0001111072463,2.39
0001111072985,2.69
0001111068294,2.99
0001111072970,2.99
0001111001057,4.69
0004126000739,1.99
0004126035739,1.99
0004126035518,19.99
0004126000283,DNE
0004126000724,DNE
0004126000738,DNE
0004126038683,DNE
0004126037146,14.99
0004126038687,DNE
0004126038685,DNE
0004126038679,DNE
0004126035519,29.99
0007631044005,5.79
0007631044002,5.79
0007631044004,5.79
0007631044006,5.79
0007631044065,DNE
0007631044085,5.79
0007631008062,DNE
0007631008022,2.99
0007631008019,2.99
0007631008001,2.99
0001111086175,4.19
0001111081839,14.99
0001111086170,3.29
0004126033206,5.49
0001111085678,5.49
0001111074453,1.79
0076172005110,3.49
0001111003458,DNE
0001111071277,1.99
0004126034547,5.49
0004126038095,DNE
0004126000314,DNE
0001111000635,DNE
0004156500006,2.29
0001111066762,1.39
0001111095030,DNE
0004157358130,3.49
0077033352230,4.49
0004242116161,3.99
0004157358131,3.49
0001111004275,DNE
0007631044001,5.79
0001111000466,5.89
0001111000461,5.89
0001111050733,2.99
0001111061156,DNE
0001111002744,DNE
0001111050709,2.99
0001111001424,1.59
0001111050747,1.59
0001111050502,2.99
0001111050504,2.99
0001111001423,1.59
0001111050494,2.99
0001111052947,1.59
0001111061157,DNE
0001111050512,2.99
0001111050720,2.99
0001111050725,2.99
0001111050724,2.99
0001111050727,2.99
0001111052935,2.99
0001111050498,2.99
0001111052603,5.89
0001111000473,5.89
0001111000465,5.89
0001111004109,DNE
0001111004106,DNE
0001111004075,DNE
0001111004069,DNE
0001111052606,5.89
0007684052987,4.99
0007684067447,DNE
0007684000071,DNE
0007684010058,4.99
0007684000230,DNE
0007684000073,DNE
0007684020027,1.29
0007684055194,4.99
0007684010132,4.99
0007684003674,4.99
0007684000144,DNE
0007684000174,DNE
0007684000065,DNE
0007684000231,DNE
0007684036394,4.99
0007684000175,DNE
0001111085296,DNE
0001111057612,3.49
0001111057610,3.49
0001111001741,2.29
0001111057120,2.99
0001111081667,DNE
0001111057081,3.79
0001111057841,2.5
0001111061038,3.19
0007255411146,7.69
0001111057030,2.99
0001111057041,3.19
0001111057035,5.19
0001111057886,2.5
0001111057869,2.5
0001111050110,4.59
0001111001420,2.99
0001111002742,DNE
0085808900334,DNE
0001111052100,2.99
0085808900335,DNE
0001111052905,2.99
0001111061159,DNE
0001111002356,2.99
0001111052902,2.99
0001111002741,DNE
0004127102790,2.99
0001111089356,1.99
0001111080786,DNE
0001111080618,DNE
0001111080607,DNE
0001111089376,DNE
0001111084538,DNE
0001111089373,DNE
0004850002238,4.99
0004127102774,4.99
0004127102860,DNE
0001111087520,DNE
0004127102793,2.99
0004127102773,4.99
0001111096933,2.99
0001111097016,4.99
0001111097005,2.99
0001111097709,2.99
0004126038124,DNE
0004178900232,2.49
0004178900214,0.25
0001111071918,3.29
0001111002421,DNE
0001111082767,1
0001111082763,1.59
0001111082766,1
0001111089912,DNE
0001111089971,DNE
0001111085263,3.99
0001111085270,2.89
0001111090866,DNE
0001111082997,DNE
0001111088690,4.99
0001111082780,DNE
0001111004292,DNE
0001111083041,DNE
0001111089972,DNE
0007065080012,No price
0001111085732,DNE
0001111090415,1.59
0004126036136,5.29
0004126000301,DNE
0004126000296,DNE
0004126038504,DNE
0001111084119,1.99
0001111089556,DNE
0001111089596,DNE
0001111067753,1.99
0001111067754,2.19
0001111067614,2.19
0001111067793,1.99
0001111072891,1.99
0001111072875,1.89
0001111071423,1.89
0005150000684,3.99
0001111073650,1.99
0004126000645,DNE
0004126000646,DNE
0004126000647,DNE
0001111037184,34.49
0001111004840,DNE
0001111001984,0.89
0001111002124,2.99
0001111003972,DNE
0001111050703,2.99
0001111082107,3.49
0001111018160,DNE
0001111002195,DNE
0001111048621,4.99
0001111048625,2.99
0001111085089,DNE
0001111002804,DNE
0001111003966,DNE
0001111001985,0.89
0001111003967,DNE
0001111085199,2.79
0001111001986,0.89
0001111048837,3.49
0001111050700,DNE
0001111090975,DNE
0001111048819,1.99
0001111090314,DNE
0001111003965,DNE
0001111003969,DNE
0001111050639,DNE
0001111087366,DNE
0001111002803,DNE
0001111049512,2.99
0001111048815,3.49
0001111048827,2.49
0001111002105,DNE
0001111084608,DNE
0001111050708,2.99
0001111002143,2.99
0001111081601,1.69
0001111002802,DNE
0001111002502,DNE
0001111080766,1.99
0003120020157,2.99
0004300095370,1
0008768400871,5.49
0088949700051,DNE
0001111084558,DNE
0088949750381,3.29
0088949727525,2.99
0088949732710,2.99
0088949700822,DNE
0001111090496,21.39
0001111003937,DNE
0001111002345,4.99
0001111003378,DNE
0001111085492,5.99
0001111090495,DNE
0001111085395,5.99
0001111085494,5.99
0001111090538,14.99
0001111003936,DNE
0001111085394,5.99
0001111090553,21.39
0001111083138,5.99
0001111090544,14.99
0001111084642,14.99
0001111089078,25.99
0001111084633,14.99
0001111087775,5.99
0061124737329,DNE
0001111090560,5.49
0001111085405,5.99
0001111085398,5.99
0060265217008,1.5
0060265227138,DNE
0060265227029,DNE
0060265226400,3.99
0060265227150,DNE
0060265227142,DNE
0060265227028,DNE
0060265219977,1.5
0060265220600,DNE
0060265220601,DNE
0060265219935,DNE
0060265218665,DNE
0060265218664,DNE
0060265217056,1.5
0060265220700,DNE
0060265220702,DNE
0060265220703,DNE
0060265227086,DNE
0060265227087,DNE
0060265220400,DNE
0060265220401,3.39
0060265220407,DNE
0060265217186,4.99
0060265218404,3.19
0001111034047,2.49
0001111089347,DNE
0001111089343,DNE
0001111086357,2.99
0001111078973,DNE
0001111078949,DNE
0001111078959,DNE
0001111088470,DNE
0001111080147,6.19
0001111088471,DNE
0001111078984,DNE
0001111086550,2.99
0003700076516,DNE
0003700075257,DNE
0003700012784,6.99
0003700098329,DNE
0003700099929,DNE
0003700086036,DNE
0003700095587,DNE
0003700098440,DNE
0003700086324,DNE
0003700098344,DNE
0003700093632,DNE
0003700000993,DNE
0001111018171,DNE
0001111091052,3.79
0001111097021,DNE
0001111091649,1.59
0001111070207,3.49
0003619212267,5.99
0004126000598,DNE
0004126000595,DNE
0004126036756,8.99
0004126000593,DNE
0004126035420,10.79
0004126034610,7.99
0004126000601,DNE
0004126036211,12.59
0001111038528,8.09
0001111088055,2.79
0001111083278,2.49
0004126038256,DNE
0004126037628,DNE
0004126000250,DNE
0038137001382,No price
0038137116104,7.49
0038137101842,12.99
0038137003916,7.49
0038137101077,8.99
0038137116327,7.49
0038137117240,9.99
0005280048268,6.49
0005280048072,6.49
0005280048315,DNE
0007214001208,11.49
0007214011020,11.49
0007214001983,DNE
0007214063628,11.49
0001904510535,6.29
0001904513905,6.29
0001904511681,6.29
0001904511680,6.29
0001904514445,6.29
0001910018169,DNE
0001910017077,6.49
0001910010998,3.79
0001910011012,6.49
0001910010993,3.79
0001910011247,6.49
0001910024768,DNE
0001910011582,3.79
0007214089050,6.29
0007214002218,DNE
0007214000254,9.99
0007214002219,DNE
0007214088151,13.69
0007214002465,DNE
0007214001817,4.49
0007214001882,4.49
0001111004590,DNE
0001111050181,0.4
0001111050186,0.4
0001111050219,0.4
0001111050476,0.89
0001111050475,0.89
0001111050472,0.89
0072225233403,5.69
0072225237955,DNE
0072225221007,DNE
0072225223330,5.69
0072225210310,1
0072225223308,1
0072225210340,1
0002781511136,DNE
0003760080560,DNE
0003760077507,DNE
0003760080552,DNE
0003760077508,DNE
0003760077505,DNE
0003760080553,DNE
0003760080554,DNE
0003760080555,DNE
0004450020235,DNE
0001111014196,DNE
0001111080978,DNE
0001111081827,1.29
0002100065886,2.99
0002100067148,3.49
0001111085147,0.69
0002100001087,1.5
0002100077436,4.79
0002100002339,4.29
0001111085149,0.69
0002100065897,1.25
0002100065321,1.49
0004126035735,3.99
0004126037402,1.99
0001111001989,2.19
0001111002304,2.19
0001111003311,DNE
0001111003309,DNE
0001111002298,2.19
0004300005533,7.99
0004300005535,7.99
0001111085236,1
0004450006245,DNE
0004450020231,DNE
0004450006479,DNE
0004450004029,DNE
0004450006252,DNE
0001111071536,2.49
0001111087863,DNE
0001111089195,DNE
0001111089192,DNE
0001111073672,1.19
0001111003198,DNE
0001111078764,DNE
0001111088791,DNE
0001111088793,DNE
0005440000005,4.49
0001111078766,DNE
0001111073673,1.19
0001111087860,DNE
0002150004802,2.69
0001111073514,2.49
0004150001318,2.69
0001111066985,1.49
0001111073497,1.79
0001111009566,1.89
0001111003317,DNE
0004157352333,3.99
0001111088826,1.89
0001111088827,1.89
0001111080106,DNE
0001111099009,3.77
0001111037454,DNE
0001111099010,3.77
0001111035932,5.99
0004126000387,DNE
0001111042854,3.29
0001111050277,0.99
0081162002138,4.69
0001111042906,5.97
0001111050278,0.99
0001111042707,0.99
0001111050279,0.99
0001111050322,1.49
0001111042908,5.97
0085631200277,4.29
0001111079809,2.99
0085631200277,4.29
0004126036858,6.49
0004126036240,4.99
0001650056015,No price
0002200015935,1.99
0002200010329,2
0002200015933,1.99
0001900000305,2
0002200028022,DNE
0004126000128,DNE
0004126038521,DNE
0004126037511,1.29
0001111082975,DNE
0001111082974,DNE
0001111000801,7.99
0002898997195,3.99
0002898910129,3.99
0002898910221,DNE
0002898910285,DNE
0001111035399,2.99
0003700094570,6.99
0031254730635,6.59
0004116709565,4.99
0004116709381,4.59
0004116709780,4.99
0004116709372,4.59
0004116709832,6.29
0001600013563,DNE
0001600013566,DNE
0001600013562,DNE
0001600013558,DNE
0001600013564,DNE
0004144947321,DNE
0004144947327,DNE
0004144947325,DNE
0064420940443,3.69
0064420942561,DNE
0002840015541,6.99
0002840015446,6.99
0004126000219,DNE
0004126035112,7.99
0004126033187,DNE
0004126000608,DNE
0030005446391,10.99
0030005475756,10.69
0030005475856,10.69
0030005486461,DNE
0030005475870,19.99
0030005445171,9.99
0030005486096,DNE
0003367415897,19.99
0003367415900,9.99
0003367411536,DNE
0003367415895,19.99
0003367415686,21.99
0003367412111,DNE
0003160404132,13.99
0003160402841,14.99
0003160404214,DNE
0003160401789,12.49
0003160404013,DNE
0003160404275,26.99
0003160401889,19.49
0001650055591,7.99
0001650055594,7.99
0001650058151,DNE
0001650058620,DNE
0001650058621,DNE
0001650054118,8.99
0001650058168,DNE
0001650055614,7.99
0002791702270,13.99
0002791701919,12.99
0002791727165,DNE
0002791700117,DNE
0002791727166,DNE
0007431278564,DNE
0007431207580,8.89
0007431235710,18.69
0007431279334,DNE
0002188812182,DNE
0002188812162,DNE
0002188812172,DNE
0004126037240,4.19
0004126037715,9.79
0018053000096,DNE
0087606300642,DNE
0018053000089,6.99
0001111091496,3.49
0004126037757,DNE
0004126037690,13.99
0004126038381,DNE
0001111036005,4.69
0001111079493,1.69
0004126033804,3.49
0035310020225,DNE
0001111032828,1.69
0001111080939,4.29
0004126000549,DNE
0004126000612,DNE
0001111003510,DNE
0001111081937,1.99
0002900007325,4.49
0001111081938,1.99
0001111002626,DNE
0001111066032,1.69
0001111001951,1.69
0001111074504,5.29
0001111003410,DNE
0001111071495,5.99
0001111003413,DNE
0001111070477,3.39
0001111085425,4.19
0001111003412,DNE
0001111084446,DNE
0001111004541,DNE
0004114302874,DNE
0004114305046,DNE
0001111002906,DNE
0001111001919,1.69
0001111002560,DNE
0001111002796,DNE
0003700094908,DNE
0070581472834,2.29
0001111081005,3.49
0001111082517,2.29
0001111082203,1.39
0001111088419,DNE
0001111080994,3.49
0001111088395,DNE
0001111088416,5.49
0001111088400,DNE
0001111082205,1.39
0001111082527,2.99
0070581472128,6.99
0001111088415,DNE
0001111082218,1.39
0001111082224,1.5
0001111082222,1.39
0001111088380,1.79
0001111088378,2.49
0001111018250,DNE
0001111002808,DNE
0004850020276,DNE
0001111061135,DNE
0001111003386,DNE
0001111000830,DNE
0001111000874,DNE
0001111004273,DNE
0001111001009,DNE
0001111002388,3.59
0074236526435,4.99
0074236526447,4.99
0074236526405,4.79
0001111050075,DNE
0001111089640,DNE
0001111061121,DNE
0001111061129,DNE
0005210000456,No price
0001111061107,DNE
0001111002375,3.59
0001111002398,3.59
0001111002565,DNE
0001111061140,DNE
0001111061117,DNE
0025390290000,DNE
0001111019192,DNE
0026390290000,DNE
0001111097194,2.99
0001111097211,7.99
0001111097195,2.19
0004126038703,DNE
0004126000326,DNE
0001111079536,1.89
0030045083821,11.49
0030045029721,11.49
0004126000344,DNE
0001111079492,1
0001111035157,2.49
0004126037010,3.79
0004126037566,2.49
0004126033019,DNE
0001111079991,6.99
0004126033072,DNE
0004126000605,DNE
0004126000604,DNE
0004126033075,DNE
0031284353636,11.59
0001111037304,2.99
0004126033074,DNE
0030045048101,10.69
0001111035276,2.99
0004126033805,1
0004126034433,3.19
0004126034435,8.59
0004126000383,DNE
0001111033283,5.49
0001111079990,7.99
0004126035705,19.99
0001111037729,2.79
0001111037730,5.49
0004126033073,DNE
0004126035076,3.79
0004126038077,DNE
0004126038078,DNE
0004116705828,DNE
0001111090813,DNE
0001111086999,1.99
0001111078885,4.79
0001111086756,3.49
0001111003614,DNE
0001111004015,DNE
0001111082801,3.49
0001111089638,DNE
0001111003031,DNE
0001111089335,DNE
0001111086819,1.39
0001111086748,1.19
0001111003619,DNE
0001111003615,DNE
0001111003616,DNE
0001111089988,DNE
0001111083172,DNE
0001111080041,2.89
0001111003114,DNE
0001111086746,0.99
0001111003992,DNE
0001111089334,DNE
0001111083387,1.49
0001111086899,1.79
0001111081140,2.49
0001111003993,DNE
0001111085239,2.29
0001111082581,5.49
0001111087046,3.79
0001111078469,1.25
0001111086616,4.79
0001111086618,1.49
0001111086617,1.25
0001111088066,DNE
0001111081689,1.25
0001111058038,2.49
0001111084916,1.49
0001111087271,1
0001111003596,DNE
0001111003595,DNE
0001111083362,1.29
0001111085052,1.49
0001111089684,DNE
0001111085029,1
0001111003015,DNE
0001111085027,1.29
0004430012171,1.49
0001111081344,2.59
0001111084923,1.49
0001111084926,1.29
0001111085028,1
0001111085070,1
0001111085005,1.49
0001111085051,1.49
0001111003551,DNE
0001111085067,1
0001111089560,1.79
0001111087313,1.89
0001111085020,1
0001111002981,DNE
0001111082757,1
0001111002811,DNE
0003620001401,3.29
0001111069756,1.39
0001111001446,1.49
0001111074908,2.59
0005100012910,2.19
0070601011296,2.29
0001111001452,1.49
0002700050006,1
0004112907764,2.49
0005100021221,2.19
0001111087507,DNE
0001111008622,2.39
0001111088645,1.99
0001111002764,DNE
0001111070041,11.69
0001111070023,11.49
0001111000323,5.99
0001111000311,2.49
0001111099379,2.49
0001111099378,2.49
0001111099376,1.99
0001111099377,2.49
0001111018181,DNE
0005410001870,1.19
0001111089212,DNE
0001111089230,DNE
0000930000130,2.99
0001111089258,DNE
0001111089621,DNE
0001111089339,DNE
0001111089222,DNE
0001111089257,DNE
0001111085085,DNE
0001111089221,DNE
0000930000048,3.89
0001111089452,DNE
0001111089442,DNE
0001111089445,DNE
0001111089233,DNE
0001111089237,DNE
0004125543078,5.69
0004145811704,3.29
0001111085170,1.99
0007891317028,2.19
0001111081706,1.99
0001111071134,0.59
0001111089630,DNE
0001111067323,1.19
0001111067322,1.19
0001111061737,0.59
0001111067340,0.59
0001111089632,DNE
0001111067325,0.59
0001111067338,0.59
0001111067328,0.99
0004300020655,1.19
0004300020439,1.19
0004300020445,1.19
0004300020472,1.59
0001111081852,2.99
0004125543072,3.69
0001111080086,2.29
0001111080084,2.59
0001111000192,1.99
0001111000196,1.99
0001111071295,1.29
0086287100030,DNE
0001111087186,2.59
0001111089144,3.39
0002529360023,2.99
0001111088806,DNE
0001111003825,DNE
0001111003835,DNE
0001111003833,DNE
0001111003834,DNE
0001111004250,DNE
0001111003876,DNE
0001111031937,DNE
0001111097434,7.99
0002840064641,3.49
0001111089941,2.99
0001111002952,2.99
0003800013857,DNE
0001111018214,DNE
0001111079547,DNE
0001111079545,DNE
0001111079544,DNE
0001111069100,DNE
0004126036757,10.99
0001111035353,7.39
0074982617774,18.99
0007431255367,16.99
0001111090150,1.69
0001111090149,1.69
0004300004421,2.5
0074982600056,7.99
0074982600164,DNE
0074982600114,DNE
0074982600107,DNE
0074982600161,DNE
0074982600159,DNE
0074982600109,DNE
0001111082771,DNE
0007942621110,2.99
0007942621207,DNE
0001111085100,1.69
0001111086099,3.99
0001111086094,4.99
0004740011579,8.79
0001111087985,DNE
0001111088636,DNE
0001111088641,DNE
0001111089034,1.25
0001111088651,1.25
0001111088610,DNE
0001111081709,2.29
0001111090136,DNE
0001111089801,DNE
0001111082915,1.69
0001111084727,2.99
0001740010951,7.99
0001111087415,DNE
0001111084706,4.99
0001111089756,DNE
0001111083763,DNE
0075710701104,2.19
0001111083437,DNE
0001111035794,1.99
0004010000721,5.49
0001111084881,2.99
0001111071987,0.79
0001111071236,2.49
0001111000314,2.19
0001111070106,2.69
0001111071507,0.49
0001111068603,0.79
0001111000318,5.99
0001111000306,2.79
0001111002825,DNE
0001111068336,3.19
0001111066866,2.49
0001111000324,3.19
0001111071303,2.49
0001111002418,DNE
0001111000335,2.69
0001600013453,DNE
0001895914005,3.99
0001111003640,DNE
0007110000308,3.29
0001111002982,DNE
0001111003625,DNE
0001111003344,DNE
0001111003634,DNE
0007020050421,DNE
0002066200002,3.69
0001111084821,3.19
0007184004253,3.99
0001111090775,DNE
0007184004281,3.99
0001111087899,DNE
0001111003633,DNE
0001111081995,2.99
0001111000602,DNE
0002066200292,3.69
0007766100316,3.99
0085548200608,DNE
0007110000403,1.99
0007110020005,5.79
0007824500005,4.09
0002066200472,3.69
0001111068848,0.59
0001111083412,2.99
0007020055457,DNE
0001111003637,DNE
0007020050422,DNE
0002100064617,3.29
0001111003356,DNE
0002100064353,2.19
0004133500098,2.79
0004133500127,2.79
0007143000925,3.49
0005210001092,2.19
0001111068431,1.59
0001111090928,2.29
0001111090351,DNE
0001111082354,2.99
0001111003923,DNE
0001111090922,1.99
0001111073790,11.99
0001111002129,4.49
0001111090923,1.99
0001111090929,2.29
0001111086356,DNE
0001111081374,DNE
0001111081352,DNE
0004156514124,3.79
0004156514024,3.79
0003760039265,3.49
0001111066743,1.99
0004156514164,8.49
0001111002269,1.99
0003900000890,2.29
0001111066761,1.39
0001111001442,2.59
0001111001441,2.59
0002460001707,2.29
0001111090342,2.19
0001111085411,DNE
0001111003029,DNE
0001111001815,3.49
0005210074602,2.99
0001111003027,DNE
0001111082526,2.69
0001111085551,No price
0004400003271,3.29
0001111002600,DNE
0001111034400,DNE
0002781500111,2.79
0001111096789,2.69
0004450033905,3.49
0001111097266,4.49
0001111097545,3.49
0001111002599,DNE
0007778202983,3.99
0001111097281,4.49
0001111019190,DNE
0001111090485,4.19
0001111072979,3.49
0001111090793,4.19
0001111085101,3.99
0001111003283,DNE
0001111061138,DNE
0001111000338,3.99
0001111061127,DNE
0001111061128,DNE
0001111000337,2.59
0060502100099,3.29
0060502100008,3.29
0001111061124,DNE
0001111061139,DNE
0001111002567,4.99
0005210000246,2.49
0001111004935,DNE
0064384371504,DNE
0004126036833,4.69
0004126000129,DNE
0004126038586,2.49
0004126037346,4.99
0004126037345,4.99
0004126037521,6.89
0007940073960,1.99
0007940019373,3.59
0002279691611,6.49
0002279691095,DNE
0004126038557,DNE
0004126038585,5.99
0005100900735,DNE
0001111050183,2.59
0001111050337,2.59
0001111050205,2.59
0001111050190,2.59
0001111058880,3.99
0001111058913,6.99
0001111058086,6.99
0001111089511,3.59
0001111059671,6.99
0001111058665,3.99
0001111050176,2.59
0001111050196,2.59
0001111097124,2.89
0001111005049,DNE
0004126000358,DNE
0004126000380,DNE
0004126033078,DNE
0004126035411,6.49
0001111037902,3.49
0032390001619,15.99
0001111016220,2.19
0002430004134,1.99
0001600015940,2.69
0007800012216,5.49
0001111089119,2.99
0001111085513,2.99
0001111089117,2.99
0001111088277,2.99
0001111004262,DNE
0008380404315,18.99
0008380404721,14.99
0008143403117,7.99
0008500001668,8.99
0008500002060,15.99
0008500002028,15.99
0004933100222,23.99
0008787263012,18.99
0001834175110,8.99
0008520000223,DNE
0003125901849,8.99
0085171800004,14.99
0008143431530,15.99
