Product Id,Price
44390953,0.97
51259197,1.77
45912954,1.27
45912954,1.27
46829825,2.78
46829825,2.78
46829825,2.78
44391666,2.38
44391605,1.66
547094483,1.75
44390943,1.78
44390943,1.78
687365899,Out of Stock
31194350,1.43
44391147,1.98
44390948,0.44
51259387,0.97
44391016,0.42
41752773,0.44
44391008,0.38
44390974,1.88
44391101,3.68
51259187,0.82
51259187,0.82
856626473,Product Not Found
44391200,1.68
157250373,3.88
44390955,1.62
10451313,2.48
51259378,1.48
10402652,2.44
596275938,1.98
596275938,1.98
596275938,1.98
810927772,1.98
259019555,1.98
452355097,1.98
416286708,1.98
44391167,0.78
44391206,0.98
51259411,1.38
51259411,1.38
51259411,1.38
51259411,1.38
51259411,1.38
44390954,0.62
44391040,1.38
44390947,1.38
44390952,2.97
44390949,0.88
44390949,0.88
44390949,0.88
44390949,0.88
51259410,3.97
10402650,1.28
13893731,1.62
13893738,1.98
51259361,0.5
38127803,1.74
44390992,0.98
47770124,3.37
44390945,0.76
44391003,1.38
44391018,1.28
16935784,3.43
16935784,3.43
34017487,2.58
44391054,3.63
658271288,2.98
161537131,2.98
124441282,2.98
10295340,1.86
16618891,0.92
10295682,1.86
10452360,0.92
10413801,2.83
28911217,2.83
22282309,0.92
10295485,1.86
10452406,0.92
10295697,Out of Stock
10295684,1.86
16618888,0.92
10295681,1.86
10452362,0.92
10414005,Out of Stock
15610381,1.86
16618893,0.92
10295711,1.86
10452368,0.92
10295687,1.86
42408881,0.92
10295678,1.86
10452485,0.92
16618889,0.92
22282306,0.92
10295743,1.86
16618890,0.92
10448271,2.83
10295683,1.86
10321119,1.48
139322563,0.92
13281637,1.48
10996980,1.48
232064920,3.98
159107262,0.92
14869675,2.98
10315616,1.33
15716579,2.98
12444455,1.92
154556622,1.34
13908489,1.83
20923790,2.22
47871229,2.75
802956333,2.98
20923791,2.22
10801722,2.68
22880514,6.94
10801719,2.68
22880513,6.94
10801718,2.68
23816535,6.94
14588867,2.68
12444510,2.68
50039778,3.67
10898817,2.64
10801150,2.97
15136790,5.24
15136790,5.24
15136792,5.98
15136791,6.24
15136791,6.24
51259091,6.98
51259091,6.98
14089618,2.58
44419698,3.73
43852206,7.35
37342910,6.69
50733173,11.04
27935840,9.83
27935840,9.83
27935840,9.83
27935840,9.83
27935840,9.83
42294615,5.61
42294615,5.61
778091348,8.47
25294821,Out of Stock
49976768,3.86
49976772,5.36
49976770,5.52
26543406,5.57
10292659,5.42
10293911,4.98
196665618,2.5
40711369,2.88
149922726,2.5
10533854,3.48
10316094,4.48
10316095,4.48
10316091,4.48
173491397,3.66
44391058,2.77
44391031,2.77
13908162,1.98
34632368,3.24
277874469,2.56
10290749,0.96
10292514,2.24
22583028,6.97
685297874,5.94
10532745,Out of Stock
10532745,Out of Stock
47934607,6.98
14940796,6.98
14940796,6.98
897603713,4.15
21063145,6.76
197424025,6.74
961988622,6.76
961988622,6.76
15136822,3.97
15136822,3.97
36770951,6.74
36770951,6.74
15136824,7.76
15136824,7.76
15240745,5.98
10292756,3.88
22027287,2.48
52468058,Out of Stock
10292751,3.88
14551077,5.98
47865683,Out of Stock
10315854,2.48
47770107,2.5
40715951,2.27
10292748,Out of Stock
10292587,5.47
10290999,2.56
10315850,2.48
52468057,2.48
10292755,3.88
47770109,2.5
36461927,2.5
17248125,5.98
10804439,5.98
10292749,3.88
47770108,3.28
15240742,5.98
10292750,3.88
10452308,1.48
10452307,1.48
10452292,1.48
381954937,1.26
10313188,1.48
10452293,1.48
19766223,1.48
15610603,1.48
10452294,1.48
10534987,1.48
23816390,3.58
26986496,3.58
23816391,3.58
47041171,2.78
10452564,1.98
47088918,2.78
10452562,1.98
47088920,2.78
10452370,1.98
47041166,2.78
10452371,1.98
10452414,2.22
47088919,2.78
190596552,1.98
11964619,3.28
10452422,1.48
10291571,2.88
51517697,1.84
15754254,2.88
10452514,1.84
11964918,2.88
155066735,1.84
11964919,2.88
10451510,1.84
10291566,2.88
15077514,1.84
21268975,2.88
152351343,1.84
12018245,3.28
10452392,1.48
10295586,4.72
15077509,3.63
20854147,4.72
10295342,2.38
34186940,1.74
14089234,2.38
10452775,1.74
10295331,2.38
34186946,1.74
10452776,1.74
10452412,1.52
10291590,3.94
10291590,3.94
708269385,2.84
10307287,3.22
364923224,2.84
35731565,3.38
10452407,Out of Stock
10291587,3.94
621730092,3.44
10295545,1.96
41592222,1.58
10295322,3.38
10452429,0.82
10295591,3.38
10452561,1.52
10452510,1.88
10452493,1.74
10291586,3.94
787330752,3.44
15716747,2.98
10315024,1.64
15716748,2.98
10315022,1.64
10533516,4.46
15716473,3.48
10315402,2.36
20550945,2.54
110366636,2.46
14255282,2.84
14255282,2.84
170783496,Out of Stock
196380557,Out of Stock
163670766,3.32
159855405,3.32
130456002,3.32
46083074,4.22
155111640,4.22
552442322,4.22
34788345,Out of Stock
34788347,2.47
21961722,3.18
34788348,Out of Stock
21961723,3.18
34788349,2.47
49329681,3.12
51870740,3.12
49028504,3.12
16785072,1.24
12166443,2.27
148602296,3.98
148602296,3.98
161582930,2.16
16778156,1.24
16778158,1.24
16778155,1.24
16778159,1.24
158681966,Out of Stock
45743173,4.33
45743173,4.33
26559565,3.47
10450127,1.84
47183345,3.74
46490639,Out of Stock
46490636,3.62
46490638,3.62
10450115,2.5
10450119,1.5
10450116,2.5
10804537,1.5
10450117,2.5
10450120,1.5
10450118,1.5
10450114,2.5
44391121,1.5
17248403,2.5
10801608,3.72
11979181,2.86
10801610,Out of Stock
10801613,3.72
11979180,2.86
10295044,2.58
19500254,2.08
10295045,2.58
10315733,Out of Stock
15556050,2.98
46491750,1.82
34847610,3.77
15556051,2.98
46491746,1.82
19856813,2.98
46491752,1.82
10315226,1.74
533646542,3.28
15136788,2.14
145051970,1.51
10308718,2.96
10308719,4.96
22478901,Out of Stock
13925176,3.87
10291058,3.97
193243827,3.96
10291059,3.97
10315054,2.98
10306827,2.56
10291056,3.64
26386671,Out of Stock
45956707,Out of Stock
10411847,Out of Stock
676240787,Out of Stock
10291535,1.98
12166347,1.37
10898596,2.98
10450338,1.6
14336390,1.6
445237371,4.88
10294995,1.84
194597385,1
10309451,1.94
10315017,1.74
10294996,Out of Stock
150583570,1
10309449,1.94
12335111,1
15556067,5.58
10450339,1.6
10801133,1.84
44030496,2.98
10801133,1.84
11961000,4.98
11964580,4.98
11964578,4.98
16785015,10.42
28831183,9.74
47064335,4.93
14869700,6.42
10448644,5.98
42124216,4.47
17689568,7
15724150,Out of Stock
14860446,7
21311571,7
20709849,7
46778124,Out of Stock
44907129,7
17689571,7
14860447,7
17689565,7
44907125,7
20709857,6.42
10317241,5.98
755788404,3.88
10448721,6.42
10294425,6.42
10448721,6.42
10294425,6.42
47930394,6.38
54060615,4.47
105406710,1.38
15570912,3.48
10315919,1.84
12166759,3.48
151333804,1.84
11960997,4.98
14284523,4.98
11960995,4.98
16213461,2.98
190119038,Out of Stock
10899049,1.98
10450329,2.98
21804014,2.86
21804014,2.86
10899050,1.98
44391308,2.37
51630373,7
34523777,2.98
22027294,2.48
15935636,2.98
898512999,2.48
20531329,2.98
22309194,2.98
23569736,2.98
19802865,2.48
24848455,2.48
15939958,2.98
19802860,1.98
22309193,2.98
140753441,3.74
20531330,2.98
52796452,1.98
21081292,2.48
43184720,2.98
15935640,2.98
19802862,1.98
14869683,2.58
10452313,2.58
10291432,2.98
35055858,2.48
10415090,1.96
17018124,8.98
225235157,1.74
10402746,2.48
10415083,1.96
10292766,2.48
10416088,1.96
14869682,2.48
10292768,2.48
10416059,1.96
12166619,2.48
10292763,2.48
16940524,1.96
23554745,1.96
10535467,2.36
16935731,1.23
10292353,3.68
10415135,2.46
10292356,3.68
10415127,2.46
10415335,2.46
47133371,2.98
47133369,2.98
12197578,2.46
10447917,Product Not Found
10416005,2.46
19758062,2.46
10294367,3.48
10415239,4.68
13023471,1.97
10321650,2.88
13023470,2.47
12166388,2.68
12166388,2.68
12166390,2.68
12166390,2.68
54844984,2.38
757977763,2.34
12166385,2.68
10415097,1.84
12166387,2.68
10415104,1.84
135227079,1.84
47375864,2.28
729537467,2.68
47375863,2.28
46861789,2.28
47375862,Product Not Found
19500175,1
19500175,1
46861789,2.28
13908708,1.98
13908340,1.88
12166733,4.88
10794693,2.46
14532476,Out of Stock
10291611,4.88
10794699,2.46
16777401,4.58
10794700,2.46
16940513,4.58
10291651,4.88
17619868,4.58
10291610,4.88
10794694,2.46
10794694,2.46
10452498,4.98
10794697,2.46
10535882,4.98
10535882,4.98
849028520,4.98
10452492,4.98
10794696,2.46
16504545,4.98
10535175,4.88
10535175,4.88
2304278,2.46
16777397,4.58
16785029,4.98
10794698,2.46
33284105,4.98
17341398,4.58
10291649,4.88
16618684,1.68
13424325,1.68
15610628,1.68
16504542,1.58
15754324,0.72
16940514,1.58
15610627,1.68
15610624,1.68
16504559,0.72
16504559,0.72
16940508,1.68
10448411,1.25
13424339,1.68
16940511,1.25
13424326,1.68
13424326,1.68
17341397,1.68
44391421,1.68
44391421,1.68
15610632,1
16777395,1.25
19276191,0.72
35506012,0.72
44391307,1.68
15610633,1
16940510,1.25
15610628,1.68
10450655,4.98
10450650,4.98
10450656,Out of Stock
10450640,5.98
23636894,4.98
10450649,4.98
15754271,4.98
12443945,5.98
10449240,5.98
10450639,4
10450640,5.98
23752091,5.98
10449239,5.98
10450644,5.98
14940709,4.48
13448854,2.68
10315382,0.8
24389690,Out of Stock
19276141,Out of Stock
22225861,Out of Stock
44000694,Out of Stock
116652632,8.98
17800757,1.88
17800758,1.88
45007684,3.88
45726041,3.38
36361306,3.38
36333049,3.38
164661614,3.88
164661614,3.88
36325236,3.38
12444410,2.64
23569830,1.68
12444412,2.64
20608050,2.64
161768953,1.68
14244840,2.64
23554749,1.68
12444411,2.64
36073881,9.68
47041337,2.25
12444425,4
864111437,3.97
12444428,9.68
47041336,3.28
20971337,3.28
12444424,6.34
679990736,3
20971335,3.28
10415878,1.98
10415612,1.98
10403026,3.68
22089972,3.75
10403027,3.68
43951338,5.46
43951337,5.46
21298424,1.08
21298424,1.08
10891829,2.38
46791803,1.24
10891834,2.38
46791800,1.24
10891828,4.88
46791801,1.24
10891831,2.38
46791802,1.24
10891836,2.38
45727026,2.25
10891835,2.86
10415393,1.5
15580491,8.18
16504551,5.14
10794796,2.62
10534284,1.63
10794791,2.62
10451009,1.63
10794792,2.62
47360083,1.98
485532760,2.78
10293039,5
25826933,5
214291255,2.78
33731239,5
322105459,2.78
37661159,5
960448792,2.78
190502730,1.75
10292879,3.98
10292912,3.98
967996108,2.24
416021152,3.98
562574303,1.75
10292910,3.98
726568844,1.75
46615194,3.98
50427113,7.78
48714473,5.98
10292862,2.98
10804803,2.48
10790952,3.94
17619249,6.96
36791859,6.96
36791860,7.76
10790950,3.94
10804841,6.98
21806555,6.98
10804763,5.97
10318308,6.98
35245810,6.98
10849454,6.98
14647290,6.98
10804838,6.98
898976790,2.48
10794886,2.48
10307837,1
160964602,0.7
127099746,2.48
47394232,3.37
249767498,5.48
54778122,5.92
12329749,5.48
10791025,Out of Stock
14562655,2.48
52433337,1.88
10804762,2.48
14562659,2.48
10804764,2.24
10804758,2.48
10804761,2.48
10804843,2.24
10804767,2.48
834633132,0.5
14284545,2.48
37523751,2.48
46829544,2.48
854640170,2.48
10813735,2.48
864628246,Out of Stock
37461841,2.48
10813739,2.48
236791738,2.97
818929788,2.48
812870354,2.48
47386169,1.24
10813738,2.48
752041290,1.88
10794555,0.94
10794554,0.94
37912493,2.52
10813506,2.52
10804817,2.48
12166184,1.98
37912485,2.52
623994569,Out of Stock
37912490,2.52
10804816,2.48
52433338,1.88
10804863,2.48
286654697,Out of Stock
638284321,Out of Stock
10849134,1.64
14940696,1.64
807674265,Out of Stock
14940692,1.64
10849121,1.64
10849748,6.48
10805144,6.48
128665645,3.28
203550728,2.5
184356542,2.72
475122120,2.5
765237014,2.5
698678144,3.28
199371294,2.44
389316032,2.78
513570496,Out of Stock
939693231,2.78
10794578,1.98
20647950,1.98
116477841,5.98
19757423,6.16
103555640,Out of Stock
34701147,4.98
642083761,1.88
13812845,3.42
36582272,3.42
45025243,3.42
10813709,1.98
12444063,6.33
14940813,1
14313075,6.96
310944043,2.18
10801192,2.64
15211677,7.98
705673790,4.98
513053449,3.78
629111831,2.47
35043006,4.88
10805037,2.42
10533811,1.57
10533811,1.57
10805050,2.42
46695581,2
10805049,2.97
835017391,2.24
10534212,1.6
10794812,2.64
10794811,2.64
10534214,1.6
10534211,1.6
11961001,2.68
10534213,1.6
10794794,2.64
54027280,1.97
683713288,1
10790956,1
967902497,0.77
54049488,1.97
735585383,1
54027281,1.97
661948092,1.27
182569608,1.97
857019836,1
46879778,1
576704015,0.8
46879779,1
730378482,2.22
46908368,1
46879777,1
443429457,0.84
54049486,1.97
872271913,1.27
875922861,1.34
242699420,1
431513547,1
445101086,0.84
539250805,2.33
16777526,4.62
14664699,6.28
51259447,3.96
46707029,5.96
14711314,4.52
111082492,Out of Stock
10316632,2.98
10794642,4.98
10804947,5.87
36194994,5.64
23569846,9.38
33516540,5.24
44391179,5.44
392217599,6.97
35192960,7.24
49914105,11.97
150296005,3.88
196009545,4
10543668,1.98
115159456,2.36
10543667,2.14
10543663,2.16
26178286,2.36
877063438,5.47
44456289,4.98
10794917,3.88
51259152,2.68
23810452,3.97
20670279,1.52
10898717,3.47
10293735,4.18
12329734,1.97
10898727,3
10898721,4.18
20525252,1.97
10293736,4.18
12329733,1.97
10293745,4.18
12329737,1.97
10898729,3.98
12329744,1.97
10898719,4.18
12329735,1.97
12166995,3.27
11047625,1.97
10293737,Out of Stock
10293738,Out of Stock
35903715,1.97
14940783,4.18
21081233,2.28
10315692,1.74
11964711,2.82
10315480,1.33
11964710,2.82
10315481,1.33
10315918,1.33
20647992,2.87
10319381,2.08
10533858,1.23
10319375,1.98
10532750,0.82
10319370,1.88
10448401,1.06
16504401,2.78
10533865,Out of Stock
10291968,2.42
12335098,1.96
10813688,2.42
21283640,Out of Stock
10813685,2.42
13812797,0.98
13812769,0.92
13727065,Out of Stock
13812811,0.98
11964707,2.5
10314920,1.68
11964705,2.5
10314919,1.68
10294654,0.9
10448134,0.68
10448133,0.47
10311382,1.12
19399685,1.12
20511489,1.07
20511484,1.07
20511496,1.07
901537239,0.88
10308257,1.34
517767856,Out of Stock
10308259,1.34
151069795,Out of Stock
10308261,1.34
898331489,Out of Stock
10311313,1.78
19802852,1
10291025,0.82
10315486,0.52
10291746,3.54
10315162,1.37
10315012,1.32
10315011,1.32
16627955,1
10294413,1.67
54802256,0.94
10291863,1.14
10534163,0.94
858746232,1.74
10291379,2.48
42306176,1.74
22211143,1.24
21881845,0.88
10308891,8.12
10314950,3.66
10291879,1
10291879,1
10534165,1.12
10306750,2.08
45709493,1.62
10449160,3.44
10315267,1.53
10308252,2.18
10315269,1.53
10315915,2.47
10318302,3.48
184022143,2.98
10308188,2.98
10450988,1.92
10450989,1.92
176946682,4.98
51630343,4.48
20590101,8.46
10315103,2.52
44391266,11.98
10308191,2.88
10451011,4.44
14869670,2.24
10450999,0.75
10450999,0.75
10320859,2.12
10450992,1.57
15561344,1.74
10450997,1.27
524659395,1.57
339769224,0.98
10448936,0.92
10448316,0.44
10535037,2.44
330313658,0.98
10535038,3.44
10315300,2.98
10535043,3.54
10535073,3.94
10535039,3.94
10535033,3.24
676979470,0.98
10535025,4.47
10535025,4.47
10535040,2.44
631368530,0.98
50597549,1.98
725156013,3.97
50597564,1.98
50597553,1.98
559839182,0.98
861014617,0.98
10535044,3.58
10535028,2.98
444055049,2.44
10308078,2.44
157643393,0.98
10308080,2.48
10535121,2.98
13448787,2.44
217612954,0.98
10535029,2.48
533272737,0.98
10535119,4.57
538919633,2.25
39340099,2.84
985501095,0.98
10535030,3.78
10535128,3.86
813301221,Out of Stock
10308055,4.18
915906612,Out of Stock
44662573,2.68
50597540,1.98
724481763,4.48
10308852,1.48
10308850,1.48
10308941,1.24
10308840,1.24
10309038,1.12
10308944,1.48
10308992,2.14
10308900,1.48
10308936,1.28
10308938,1.18
10308978,1.18
10308940,1.18
871036105,0.5
10308816,1.18
158114597,0.87
54320936,0.87
913906651,0.44
10813458,0.87
379517847,0.44
142689942,0.87
10315304,0.82
10313597,1.98
10315243,0.82
10313598,1.98
10315643,0.82
32195206,2.96
346326005,1.98
32195202,2.96
40618627,1.28
32195211,2.96
40618630,1.28
27419889,2.96
40618629,1.28
15610552,1.72
10320643,Product Not Found
10315089,0.92
24191005,1.5
637648335,0.98
10320871,2.45
367014931,1.74
793947882,0.98
10535034,3.12
705601418,0.98
10308946,1.12
10308950,0.88
10314968,0.3
10308849,1.12
10314970,0.74
10308947,1.12
190033202,0.92
10308934,1.12
10308945,1.12
10309041,0.88
802388318,0.3
20531350,1.12
10308935,1.12
10314971,0.4
10315164,0.86
757809014,0.86
10315351,0.86
10315913,0.86
45750306,1.24
45750306,1.24
45750306,1.24
10311291,1.24
10311291,1.24
20553397,Out of Stock
10307836,1
10307852,1
10307852,1
10307833,1
10307833,1
10307854,1
10307837,1
10318341,1
10318338,1
45830968,3.18
10311581,1
10312434,1
10312434,1
17208741,1.18
22734177,0.8
10312427,1
10312430,1
43336997,0.7
10312431,1
43336998,0.7
10312433,1
19476948,2.98
16940529,1
23591277,2.98
16940530,0.75
16940528,1
10452919,2.48
15056122,1.32
10317856,1.56
10317856,1.56
45612384,3.92
45612384,3.92
10452918,2.48
10315653,1.32
10452868,2.78
12157941,1
15716575,2.26
10307459,2.48
23598506,1.82
10421944,2.58
10294615,1.97
593927194,0.98
10294673,1.97
376444878,1
290342716,Out of Stock
10294608,1.97
10294612,1.97
10294675,1.97
691861856,Out of Stock
161757839,Out of Stock
10294672,2.28
943566598,1.98
15529427,2.48
172196409,1.72
10312980,3.77
17056888,2.48
14651651,Out of Stock
14651651,Out of Stock
17056887,2.48
44391305,3.22
14647649,1.92
926269095,1.33
10313024,2.82
53952986,1.5
35486044,2.52
134201720,1.74
122688869,3.38
15716574,2.26
139040094,1.74
35486041,2.28
14089344,2.83
14089344,2.83
14089343,1.97
10450994,0.98
17247765,2.37
10315532,0.88
17247766,2.37
10315545,0.88
26058179,0.88
10308583,1.27
10315055,0.88
10535271,2.46
557478638,0.88
25847548,Product Not Found
10315475,1.27
25847557,2.22
10315474,1.27
25847552,2.22
36267321,1.27
45754344,5.44
17179275,2.27
32250851,1.98
39247448,1.27
414055530,3.52
25847556,2.22
25847556,2.22
10451273,3.48
40927981,1.92
364924551,1.72
10308113,2.84
15754268,3.28
10315373,1.83
14940730,2.84
513251342,1.98
840690396,1.98
10308105,2.84
10315454,1.84
14940728,2.84
10315449,1.84
14940731,Product Not Found
10308104,3.28
10315453,2.14
10316035,2.14
10315691,1.83
10290694,2.28
10308904,2.78
10290692,1.98
10308967,1.98
10308928,2.78
21003389,5.32
943241374,4.94
10313651,5.32
708556009,4.94
10290671,1.86
10416458,1.38
10313652,4.52
878059023,3.48
10533039,1.77
10315444,1.23
20977474,2.56
10315439,1.4
10295229,1.76
10415642,0.96
10295195,1.76
10304331,1.48
15021180,0.92
10315437,0.92
10295233,1.76
10415665,0.96
10295242,1.76
45595289,0.96
10304322,1.48
10304322,1.48
10304412,1.72
41581067,1.76
10304322,1.48
10295237,0.1
29189006,0.96
10295195,1.76
28026792,0.98
10295193,1.76
10415534,0.96
10295194,1.76
10304411,2.28
28026833,1.88
10304390,2.28
10315754,1.64
10304404,2.28
10315753,1.64
10304323,2.28
10534224,1.64
10304392,2.28
116750274,1.64
193627390,1.64
10304402,2.28
10295171,2.18
10304395,2.28
10304401,2.28
10304396,2.28
10294755,1.98
14562672,1.43
10294756,1.98
10294754,1.98
14562670,1.43
116755844,2.28
40618022,2.28
40618025,2.28
40618021,2.28
13812754,1
13812754,1
21905175,2.42
21905171,2.42
21905177,2.42
786287597,0.88
136443266,0.88
13812764,1
21905179,3.94
20554600,1
21905160,2.42
21312044,2.62
40711129,2.68
13045035,1.98
40711128,2.68
14562669,1.98
10318788,0.98
10318788,0.98
10448549,0.44
10295201,0.98
10315431,0.44
10295200,0.98
10448318,0.44
10318772,0.98
10451497,0.58
10451509,0.44
10318790,0.98
10315427,0.44
10295217,0.98
22002490,Out of Stock
36333611,Out of Stock
10534041,0.54
10291114,1.14
10291114,1.14
10315951,0.58
10315009,0.54
10315845,0.88
12444445,0.44
810492047,1.42
10308237,1.53
10321641,1.53
10308167,1.53
10321395,1.53
10321360,1.53
10307986,1.53
10449320,1.53
736686061,1.42
10321640,1.53
10321646,1.53
43671426,3.48
10314962,0.5
10321724,1.48
10316725,0.76
10321654,1.48
10321697,1.48
15754320,0.76
10307984,1.48
10321636,0.9
10314957,0.5
10308268,1.48
10321370,1.48
10314959,0.5
10321726,1.48
10315223,0.5
10314960,0.5
10321675,0.94
21296164,1.52
10315222,0.5
10315025,0.76
20850616,1.94
10899014,1.22
15729032,1.94
10449227,1.94
10899013,1.22
46060761,1.94
44391066,1.22
38772376,2.14
36267274,0.98
13281590,2.74
15240647,2.78
13281590,2.74
10309220,1.28
45622215,1.84
45414844,0.43
43830575,0.56
24705056,0.58
10290926,2.92
10532843,1.98
10290922,2.92
43002746,1.98
594550536,2.36
10315696,1.74
40975807,3.28
10290935,2.92
13398002,0.83
13398002,0.83
33867594,2.58
33867594,2.58
33867594,2.58
33867594,2.58
13398015,1
17179393,0.88
17179393,0.88
22027024,1
141853378,0.88
14974284,1
48859458,1
190183939,0.88
22027023,1
152381412,0.88
13439655,1
10290957,1.68
10534169,1.12
10290920,1.47
10290952,1.47
10534168,0.94
10307307,3.97
10306771,1.98
10315221,1.42
10306800,1
10534038,0.54
10306799,1
22002645,0.54
10534044,0.54
10534045,0.54
10306793,1
10534042,0.54
10306790,1
10534039,0.54
10534043,0.54
10534043,0.54
10292168,1
10534037,0.82
10451542,0.82
10314935,1.14
10314936,1.48
10314937,1.78
10314942,0.98
10314943,Out of Stock
10314946,1
13045034,0.78
10420786,2.24
10315393,0.72
10420779,3.88
10315394,1.46
10420927,3.24
10420833,1.98
10420849,1.98
10420915,1.98
10420818,1.98
14089402,1.98
14089403,1.98
10420809,1.98
10420826,1.98
10848969,3.44
942952286,2.98
10804528,2.44
10848964,1.88
10848965,3.44
10420841,1.98
942952286,2.98
13281203,1
13281201,1
13281199,1
10450904,2.27
10315229,1.48
10295756,0.98
10315422,0.34
43951341,2.84
14869830,3.78
21289111,2.77
21289111,2.77
10295745,2.72
10533933,1.48
16672527,3.78
16672527,3.78
553423640,2.77
21289112,2.77
10309178,1.28
10534084,0.82
10309181,1.28
10534080,0.82
10309193,1.28
10534076,1.43
10534079,0.82
10309183,1.28
10294353,1.98
10534110,1.16
10534077,0.82
10309200,Out of Stock
10534093,1.12
10534115,0.82
10309153,1.28
10309154,1.28
10534113,0.82
10309182,1.28
12329727,0.82
10309187,1.28
12329728,0.82
32247485,1.98
10309155,Out of Stock
10534116,0.82
10309216,1.94
14123532,1.88
14123528,1.88
19758047,0.88
19758050,0.88
19758048,0.88
616123704,0.75
10308016,1.25
14123530,1.88
10308233,1.88
19758051,0.88
14123536,1.88
10308235,1.88
19758049,0.88
10308236,1.88
14123534,1.88
14123531,1.88
13908472,1.88
45612370,2.68
13033144,1.5
10292994,0.92
10450990,0.46
10308581,0.98
15544054,0.92
16777843,0.98
10415889,0.72
10308582,0.98
21788698,0.48
10292989,0.92
10416105,0.46
10295082,0.72
10415500,0.46
10311926,1.75
11964753,2.5
12444468,1.14
40601572,1.58
10308535,0.88
10315140,0.67
10308534,0.88
10315141,0.67
10315265,1.98
10308552,0.88
10308552,0.88
10315142,0.67
10308533,0.88
10315143,0.67
10449161,0.88
10316726,0.67
10315187,0.67
55019243,0.98
55019241,0.98
10449173,0.98
10535137,0.98
19897898,1.98
10450104,0.87
10449317,1.98
10450133,0.87
443445588,2.5
10421729,3.34
174436395,1.53
42701031,0.87
598073766,2.98
717006666,2.98
10452852,2.78
46491690,0.87
10315699,0.88
10533916,2.08
44391070,0.98
10315355,0.88
10452846,2.98
46491805,1.78
10533919,2.08
10804551,1.48
10533917,2.08
46762679,2.68
10452829,2.98
23591317,1.84
149729097,5.48
45832226,6.98
118499191,5.48
23788434,3.75
10403569,Out of Stock
10403569,Out of Stock
10452831,3.57
184777330,2.13
10452832,3.57
179734387,2.13
10309358,2.76
13023468,1.33
10309350,Out of Stock
54781114,4.88
10309349,3.28
19757985,4.24
10309357,2.28
348913867,2.18
10313164,1.74
46524233,1.46
15610880,1.98
13023483,1.44
15021157,2.47
46491798,1.64
10037941,2.73
46491761,1
46491756,1
47934592,13.98
189075891,2.97
141467742,2.97
12444233,1.98
184184305,2.87
193690908,2.97
19758066,3.28
19758064,3.28
19758065,3.28
24447268,0.5
25876335,3.98
24447274,0.5
47386256,3.98
10535153,3.24
23591315,1.64
10535154,3.24
23591316,1.84
15754302,Out of Stock
10535150,3.24
10535151,3.24
10535148,3.24
130993244,3.28
15754300,1.88
10448025,3.24
10448020,3.48
10448022,3.48
10448019,3.48
15716612,3.48
10448006,2.24
13033158,Out of Stock
10448012,2.48
126472221,2.48
40512913,Out of Stock
10448026,2.48
23751964,2.5
54300722,3.24
10415070,1.72
10414648,1.25
10312449,2.5
10414639,1.72
10312441,2.5
10312442,3.98
10315248,1.64
10312443,2.5
10312453,2.5
13925190,1.72
10312439,3.98
10314925,2.46
10312475,1.98
25847974,3.48
146871727,1.23
807090338,3.64
108922787,1.23
16785099,2.68
114940169,2.68
16785100,2.68
143126465,2.68
143126465,2.68
21092537,2.46
49303120,1.75
49303120,1.75
49303124,2.2
37402339,2
122071897,1.83
49303115,1.43
10789576,3.64
10315966,1.43
55420063,1.48
10891838,2.58
155938424,1.96
47725947,3.88
15716905,2.78
371107436,3.64
149238147,1.43
150435799,1.47
394624478,2.98
631454372,2.98
46535137,2.58
218223637,2.98
328422754,2.98
10789593,3.68
16504552,1.26
16935723,Out of Stock
10789583,3.68
16504553,Out of Stock
10789568,1.94
417196745,Out of Stock
10891757,3.68
170357761,Out of Stock
10789584,3.68
49533246,Out of Stock
10818639,1.94
850976608,1
10818664,4.78
800652366,2.84
800652366,2.84
10818672,2.5
10315583,1.43
13424483,2.5
778514840,1.43
270128986,2.84
10818665,4.78
270128986,2.84
15728864,7.12
17324908,7.12
10423029,6.94
10423029,6.94
21692727,5.78
10422933,6.94
10789558,5.58
10309810,4.17
24028090,5.46
12018837,5.12
12018836,5.12
12018838,5.12
17324906,Product Not Found
34536017,4.98
39127387,2.84
34536019,4.98
199825121,4.78
34536018,4.98
10411392,4.44
10813524,Out of Stock
39127386,2.84
10311392,2.46
184304871,2.84
10311393,2.46
20470594,3.12
26572609,1.8
25847970,6.66
163790745,3.42
42862365,4.44
129515139,14.22
34202687,2.78
34202688,2.78
34202688,2.78
21476106,4.12
489730171,2.25
41048704,4.12
52760338,4.12
55357966,9.28
638942350,1.5
41048702,4.12
636229906,4.12
55357971,9.28
14965329,4.12
10311282,2.46
10898754,1.43
10311347,2.46
955152188,1.43
10311283,2.46
45996560,6.98
50128103,4.98
45996555,6.98
50228646,4.98
20435162,4.92
625561837,6.17
46461863,2
45653174,6.17
45595300,9.32
45733455,9.22
857686977,7.98
45733458,9.22
483617254,7.98
10535966,1.98
20670285,1
10307662,3.12
16785050,2.58
38671630,2.64
10824280,2.94
16935720,1.98
10291461,2.94
10291453,2.94
10448531,1.98
10448400,1.98
43951193,3.5
176833711,10.98
39205511,4.98
39205513,4.98
132824145,2.98
47133264,1.23
179204135,2.98
48209328,1.23
162877718,2.98
162877718,2.98
162877718,2.98
33282307,2.68
50003596,1.23
109052522,2.98
46491795,1.23
419322916,2.68
24529905,2.98
50003596,1.23
24529904,2.98
176493421,2.12
426639046,1
10900082,1.24
10900081,1.24
16935578,1.24
476029133,1.44
47217461,1.44
100565550,1.44
28403754,2.98
28403753,2.98
44185596,2.68
35868969,1.98
44185594,2.68
43200063,6.98
43200063,6.98
37481757,4.54
37481757,4.54
535982445,6.98
535982445,6.98
37481758,4.54
37481758,4.54
11047314,4.48
699571654,0.49
180532613,6.98
10448059,2.78
453387822,8.98
22234356,4.48
49909692,3.28
17056788,3.28
10900112,2.98
12329756,1.98
164047382,3.98
12335105,1.98
148724440,3.98
410531476,2.78
22309171,2.28
11027423,3.98
12335104,1.98
14574615,3.28
44981934,1.98
49910693,3.28
10317635,2.24
24087352,1.98
23591083,3.28
700410922,Out of Stock
158926600,1.98
14574618,3.98
10416257,4.98
38772229,3.98
166847455,1.98
19276309,2.96
145125267,1.98
731488881,1.98
21296147,2.98
943898363,2.47
46064292,2.98
49581145,1.78
20896141,1.78
23554639,3.94
868677321,3.58
44933293,7.98
258089437,9.54
44933284,7.98
830761259,9.54
44662563,3.98
252000738,5.24
44662561,3.98
151880264,5.24
44662562,3.98
44436659,3.98
693292749,1.54
10813358,2.98
10813359,2.98
22109596,Out of Stock
10900064,2.98
909022183,1.33
10900063,2.98
890488670,1.33
50069090,2.98
48813524,1.74
45594104,1.68
181875538,1.74
10900049,4.48
10291470,3.38
352133342,3.22
312105639,5.28
37911085,3.17
37911088,3.17
15754139,2.92
10447924,3.17
33571861,2.17
839431088,1.98
10315533,1.28
10292705,2.92
10315952,1.28
45754367,0.8
33338132,2.5
33338132,2.5
50228527,1.98
34632324,2.68
11045775,2.34
11045775,2.34
10315375,0.77
339347453,3.57
45727030,1.78
20897688,2.18
49943203,1.68
42124218,2.57
45595290,1.52
25875637,2.57
35487169,1.52
10294707,1.88
21555742,7.48
10804458,1.62
13281897,1.12
28892248,1.98
21827345,2.56
22027007,1.36
22880503,2.56
22027001,1.36
23658442,3.34
23658442,3.34
199476106,1.98
23554586,3.34
22027004,1.58
11997740,1.32
11045784,2
53483332,1.32
11303914,1.32
17176263,2.74
154561286,0.98
20606766,1.5
16777540,1.86
20606765,2.5
10448216,2.98
27047495,2.86
27047495,2.86
784342074,3
371696239,3
46032558,2.86
13424419,2
27047497,2
49932855,Out of Stock
10318781,1.86
10295207,1.86
117554158,0.5
16777543,1.86
10295206,1.86
277612881,2
13847633,1.86
14336402,1.42
22086182,3.47
49932869,2.36
49932869,2.36
49932869,2.36
172638812,1
10818666,3.68
16777542,1.86
16777546,1.86
10295209,1.86
27047496,2.86
16777549,1.86
10311346,3.94
22002522,Out of Stock
21125845,2.12
21125845,2.12
10311351,3.94
51350598,3.94
53103183,Out of Stock
53103340,Out of Stock
10316718,1.48
52796439,4.24
10452239,3.48
10452239,3.48
22176428,1.96
22176428,1.96
462981873,3.48
32667929,1.96
186082912,3.48
49382137,4.88
24471200,2
14967230,2
10452893,2.48
10295370,2.48
10452890,2.48
10452889,2.48
38253460,2.18
33411322,2.18
365387234,2.18
10295318,2
24681615,7.88
21320979,9.88
45082262,3.96
45152391,7.47
34259083,5.88
34259082,5.88
12443363,5.72
50735127,4.5
194384892,Out of Stock
12443362,5.72
45735882,8.56
45735880,8.56
1115503,7.52
1115500,7.52
1115501,7.52
1115502,9.47
49406252,9.44
34526580,24.27
43848338,Out of Stock
35452863,24.27
786503800,1.58
17341399,4.77
37306566,2.94
22984424,19.98
698463788,1.74
43160764,1.28
43160765,1.28
43160766,1.28
43160773,1.28
22405864,1.28
49463632,3.58
44391332,1.46
20576263,2.24
46212474,0.94
43710268,0.98
49238695,1
50678148,6.98
15610948,1.88
10293596,1.88
10898689,2.47
10311910,4.97
900045087,0.96
38294506,5.97
10452580,3.23
10452580,3.23
37332585,0.98
49607968,1.48
46309445,4.86
14651715,6.97
10423559,3.76
10311777,6.97
38802597,0.94
20468139,6.97
45912949,4.98
10324537,5.98
20752265,9
530449963,0.88
192925013,1.96
1111801,3.97
1120736,2.24
882469515,Out of Stock
32631364,Out of Stock
443353271,1.32
52774219,9.94
14526009,6.12
151835792,13.97
112054118,0.98
12443853,3.38
15018289,13.44
14574631,6.94
199030208,3.97
13908607,3.97
15543972,5.63
15137326,0.5
20606799,Product Not Found
122519458,2.97
13281238,2.72
632898567,4.73
49358452,3.67
173896638,3.96
623820063,39.76
809881426,39.76
323693249,39.76
37792360,23.32
19416506,17.57
37792361,23.32
474023104,17.57
25490552,17.57
19416507,17.57
11027095,3.48
121815660,2.36
12442827,2.98
175840656,2.98
13448633,2.5
11030057,1.94
10850133,1.97
48714443,1.97
10850129,3.34
10850131,3.34
128642379,2.73
110895339,2.73
45618146,3.22
45618145,3.22
192867550,1.5
44391338,10.8
50733153,11.6
893988448,16.21
13908160,2.28
10293339,2.98
22406031,4.97
47757015,1.28
52295201,1.28
26559565,3.47
52796489,4.98
930104120,4.98
52796493,6.57
10811103,6.57
10811104,Product Not Found
247590164,4.77
47375763,4.77
543131962,4.77
674470589,4.77
125617816,Out of Stock
13398001,1.38
11965047,1.16
22259053,1
400339803,2.08
52518416,1.5
46842775,1.5
38344776,1.5
46842775,1.5
52518415,1.5
23597924,3.28
175191482,6.98
10292780,0.24
10292782,0.24
10292779,0.24
10292775,0.24
19757603,0.24
10292783,0.24
10293531,1.88
10293579,1.88
49333115,0.25
49333115,0.25
32254862,2.94
19406216,11.97
14272797,17.94
11045841,11.97
33963165,6.94
33963161,8.94
42351727,19.97
49292906,4.94
19717396,4.94
37532599,13.74
45611857,13.74
45600130,10.26
49408992,10.26
10318950,10.26
10318828,0.88
3353481,0.88
10318878,0.88
20743446,3.47
21674292,3.47
15716493,3.47
25876411,4.53
26967480,4.53
47725941,3.33
12444772,3.33
19898014,0.75
33963474,3.33
39086034,0.75
10789475,3.33
14053351,3.33
48256172,3.44
703193408,3.18
629078254,3.18
710007426,3.18
10449432,2.97
470714475,3.18
644002814,2.97
49342184,4.97
51173014,4.97
51436119,4.97
49342183,4.97
10320903,0.5
10320908,0.5
10320905,0.5
10320906,0.5
10320916,0.5
10320913,0.5
10320918,0.5
10320919,0.5
10320917,0.5
10320921,0.25
42700880,0.5
10320986,0.5
10320981,0.5
10320975,0.5
10320988,0.5
10320974,0.5
21469770,0.5
10321094,0.5
10320893,0.5
10320900,0.5
10320899,0.5
15610646,3.28
178938915,3.48
15716618,3.48
14574642,3.48
15716621,3.48
694899188,2.5
21296188,3.88
22210680,3.88
926235454,2.48
909977699,2.48
20531284,5.87
20531285,5.87
16821140,5.87
959033640,3.58
340230141,2
271630660,3.58
533646542,3.28
253110860,3.28
431117460,3.28
22282246,5.18
22282247,5.18
22282245,5.18
22176377,1.5
45039253,1.5
24033906,1.5
36403776,1.5
187385053,1.5
22027218,1.5
22027212,1.5
24795848,1.5
22176376,1.5
22176373,1.5
10535013,0.64
10534976,0.64
17252358,0.64
10291914,0.64
10534980,0.64
19276126,0.64
10534969,0.64
10534967,0.64
35953099,0.64
10534973,0.64
10534972,0.64
10535012,0.64
17252356,0.64
10535010,Product Not Found
10534968,0.64
153301434,0.64
191928568,0.64
17252415,0.64
10534974,0.64
17252416,0.64
10535008,0.64
10535011,Product Not Found
10534970,0.64
17252360,0.64
10534975,0.64
15610650,0.64
15610649,0.64
494831089,2.5
577438396,5.97
391632113,2.5
959717777,5.97
293184130,0.7
658536291,9.97
779484826,6.97
298480997,12.97
482328930,6.97
450185839,9.97
561024725,17.88
762509212,12.97
336027515,17.88
504417469,12.97
770984866,9.94
983484882,23.82
955490151,23.82
872979528,3.68
116087795,6.48
462468486,0.5
727137721,6.48
967450303,6.48
910591990,6.48
657255247,15.74
836387648,6.48
605487201,6.48
875852186,15.74
466022475,6.48
163473073,4
996246204,0.5
49606925,4.98
22210561,4.84
10292161,5.84
32192191,5.84
19514902,4.98
49606930,4.98
34334718,4.34
927156211,5.98
10292154,5.52
10292151,5.52
49314243,4
49606929,5.98
33856197,5.98
49951767,3.98
10402735,4.74
11964845,4.98
33628805,3.75
52604681,4.84
998776880,5.98
517138633,1.22
119057088,1.22
42701881,1.22
23984451,1.22
23984452,1.22
46180334,1.22
46083071,0.75
131781049,0.75
32285011,1.22
15570918,3.33
10307879,1.98
10307932,2.98
23746248,1.98
20850612,1.98
20850614,1.98
15529696,3.33
35137382,3.33
10307934,2.98
43235860,2.98
10308008,2.98
46921321,1.98
15570920,1.98
19766233,3.98
10308011,3.98
19766232,3.98
14140860,3.98
10308166,2.98
10307930,3.98
10308165,2.98
13908708,1.98
13908699,1.98
10309521,1.98
13908707,1.98
13908703,1.98
15610962,1.98
10309522,1.98
13908713,1.98
892865705,3
327970267,18.34
835345042,2.5
962615508,4.5
34356835,9.43
380452420,15.17
183414360,3
336954211,0.5
854831480,2.5
274092761,4
459722147,18.34
149823531,2.5
23814513,2.97
38587425,1.97
212630857,2.47
41269058,3.94
17619758,1.37
17619759,1.37
17619760,1.37
120704848,1.37
11965292,5.38
10849087,5.38
3400,7.97
12514809,7.97
11965290,6.97
11965296,7.97
127854678,6.76
207489568,6.72
14651716,6.97
34466954,7.74
12443897,6.97
54049592,7.74
16940367,12.33
20468140,3.83
10313887,6.97
13314283,6.97
876493,8.09
10849162,6.97
20434302,5.34
10291460,5.34
10291454,5.34
10291452,5.34
45996554,6.98
45996561,6.98
45996559,6.98
45996555,6.98
45996553,6.98
51002838,6.98
30876344,3.08
51002836,3.08
14089346,3.08
19276104,3.08
10307509,3.08
10307513,3.08
10307508,3.08
51002835,3.08
10307510,3.08
419492708,3.08
10448216,2.98
42391405,2.98
10293128,2.98
42072188,4.98
10293127,2.98
42132275,2.98
10795076,2.98
45594083,1.42
126059885,1.46
45594081,1.42
115637631,1.46
423248812,1.46
147367434,1.46
672887692,1.46
15754233,0.22
15570903,2.27
10448073,0.22
15570901,0.22
10448075,0.22
49543487,2.27
196653319,0.22
10448072,0.22
15570902,0.22
10314793,2.74
10314794,2.74
20680622,2.74
45448030,Out of Stock
12177771,5.94
19529336,5.94
19529346,5.94
40694201,5.94
571717573,5.94
17177143,5.94
12177773,5.94
15988142,6.78
155834760,5.94
40694210,5.94
520294302,5.94
453984318,5.94
849302485,5.94
51334341,Product Not Found
50894093,1.94
19856976,1.98
10293543,1.98
10293605,1.98
10293544,0.5
48209331,0.75
22359271,2.94
22359276,2.94
21996774,4.98
19529339,1.5
19529347,1.5
34202641,2
911330600,1.5
104392498,4.97
175545249,4.97
118191896,1.5
43710268,0.98
22885974,0.98
910502888,0.98
55145533,1.84
10290881,1.84
45025188,0.98
15935616,1.84
162516663,1.84
19897845,1.84
35324554,3.47
55626863,3.47
139943650,3.47
142060354,3.47
682318551,2.88
584290366,3.98
919369391,7.72
35643839,3.38
35643838,3.38
35656621,3.38
35643840,3.38
35656622,3.38
35520538,2.5
23760409,3.98
15673629,3.98
16224467,3.98
13908455,3.98
22210629,3.98
871622,5.37
10801474,5.37
17206604,6.57
24984570,6.57
12526114,6.57
896451,5.37
21976975,6.57
35044057,3.5
21674377,2.67
106898571,3.58
158469626,2.98
137225920,2.93
151162156,2.93
162273283,3.37
44724299,3.37
55551821,3.37
10320599,1.43
10320663,1.43
10320662,1.43
10813886,1.43
10320699,1.43
10320693,1.43
10320697,1.43
23658426,1.43
10320603,1.43
25847947,1.43
10320594,1.43
22251572,1.43
46194794,1.43
10320654,1.43
10320595,1.43
10320646,1.43
10320656,1.43
10320657,1.43
24389629,1.43
10320598,1.43
22251571,1.43
10320671,1.43
35606605,0.5
10813887,1.43
10813885,1.43
15240722,1.43
10320596,1.43
15240724,1.43
35606607,1.43
10320700,1.43
10320601,1.43
15543954,1.43
10320593,1.43
10813889,1.43
10320658,1.43
10320636,1.43
10813890,1.43
43285670,0.5
10320660,1.43
10320652,1.43
10320692,Out of Stock
10320597,1.43
10320650,0.5
23598003,1.43
10320618,1.43
17209064,1.43
10320649,1.43
10320695,1.43
10320609,2.88
10320639,1.43
841919098,2.17
183307674,2.23
576996596,2.14
417486840,2.22
10291566,2.88
11964918,2.88
11964914,2.88
23569756,2.88
10291563,2.88
11964919,2.88
21268974,2.88
10291572,2.88
21268980,2.88
21268975,2.88
24389663,2.88
45802897,2.88
22210595,2.88
22210596,2.88
12166701,2.88
10291567,2.88
39451965,2.88
12018493,2.88
21268973,2.88
842143146,5.52
613396286,5.52
350748983,5.52
546660408,5.52
279735683,5.52
213396924,2.88
10292667,5.42
16777272,5.42
10292660,5.42
634534122,5.42
21268963,3.98
21268964,3.98
933819812,3
157475614,3.98
21942712,2.48
10850035,2.48
37912486,2.52
37912493,2.52
10813506,2.52
10813506,2.52
46064325,2.98
37912485,2.52
37523997,2.52
43002354,2.98
37912498,2.52
21312088,2.52
37912490,2.52
43002353,2.98
192122658,2.98
137963254,2.98
37912488,2.52
37912489,2.52
495379569,3.48
37912500,2.52
37912497,2.52
162230237,2.52
37912487,2.52
131980850,0.75
251887044,2.98
37912494,2.52
37912494,2.52
702555625,3.48
46480142,2.98
20511490,1.16
20511494,1.16
10311558,2.74
20511492,1.16
21467397,1.16
20511491,1.16
19276038,1.16
15550250,1.98
21467408,1.98
15550254,1.98
51049325,1.98
10311533,0.25
51049324,0.5
10311487,1.86
10311484,1.86
10311486,1.86
10311302,0.5
17177535,15.48
36742297,15.48
17177536,15.48
36742293,15.48
36742296,6.58
10534634,6.58
44981963,6.58
10316266,9.86
12018770,6.24
45733435,6.24
470047358,6.24
164619042,5.48
52351734,5.74
126160980,5.78
21909783,2.18
16618670,2.08
738071800,3.22
124398489,0.75
949014822,3.22
445236587,3.22
238154283,0.75
411256806,Out of Stock
478942420,2.5
10291891,4.66
125020638,5.98
45025244,10.43
897025049,Out of Stock
276738146,Out of Stock
190769345,5.98
203412191,Out of Stock
10308260,1.34
10311572,1.5
10308262,1.34
10311492,1.5
10311567,1.5
10311570,1.5
10311571,1.5
10311569,1.5
10311504,1.5
10311502,1.5
10315961,9.92
10315960,8.92
10315759,7.92
520413154,3.78
115439451,3.78
10813478,1.36
10813481,1.36
10813474,1.36
10801631,7.98
12166822,2.97
10849646,2.97
17619775,2.42
10805036,2.97
14664700,6.28
14149967,5.22
14122356,5.22
39360227,6.28
14149969,4.62
14149966,5.22
14149970,5.22
144538721,6.77
109959292,6.77
48009322,9.88
14122355,6.16
14122353,6.16
16672615,9.97
42117340,10.38
10311921,2.28
51762354,2.68
10311875,2.28
10818402,2.98
10291859,2.42
10291862,2.42
10318919,0.92
10849552,2.54
10849553,Product Not Found
17283322,1.77
21092562,2.58
21092560,2.58
21092557,2.58
21092561,2.58
21092565,2.58
37233033,4.94
16940100,1.18
10311523,1.18
45733453,7.94
52796473,4.46
52796472,4.46
16381744,4.46
39205515,4.98
39205513,4.98
21838826,Product Not Found
711963269,6.98
22700307,4.98
39205498,2
976328882,3.5
554742751,6.98
35192856,2.5
363704912,4.98
946949650,6.98
720589223,6.98
658127805,2.5
733217221,2.64
991543523,2.64
815418473,3.74
559251512,2.64
953324605,1.25
268883539,2.64
192541152,9.93
185562313,9.93
15055991,6.84
49463631,2.97
10311619,1.94
987715570,2.58
11027522,1.87
38253488,0.88
33282374,0.25
33282373,0.88
38253381,0.88
38253413,0.88
38253501,0.88
49080366,0.25
133481700,0.25
48533974,0.88
966108792,0.88
280368987,0.88
35020904,0.88
311659849,0.25
35013169,0.88
21020404,0.98
107251809,0.98
177521102,0.98
111259281,0.98
10313122,1.74
38260504,2.24
10313167,1.88
10313166,1.74
46330156,2.24
103609553,2.24
807570725,2.24
636960598,2.46
36916292,1.88
411085300,1.88
49592262,2.76
40711130,2.68
50941524,4.88
10315383,0.8
10315384,0.8
16627581,18.98
16627583,20.98
51258931,20.98
47512167,7.72
46575488,12.97
10292857,2.98
10292922,2.98
10292929,2.98
10292923,2.98
10292921,2.98
10292862,2.98
10292863,2.98
10292861,2.98
10292864,2.98
37910813,2.97
16504412,2.97
40347640,2.98
44391317,0.98
44391401,0.98
189452883,0.98
25524598,2.42
51762366,2.42
20511639,2.42
30871547,2.42
10450690,8.38
10450688,8.38
10450687,8.38
10292770,2.58
10292771,2.58
10292772,2.58
43184726,2.58
19757600,2.58
10292773,2.58
38570793,16.98
38570794,16.98
39593681,16.98
44897007,18.98
10322364,2.5
43333516,15.46
43333515,15.46
23591393,18.28
23591394,18.28
803767341,14.44
861459512,14.44
22210633,18.78
14662917,18.78
44488186,26.47
22984423,19.98
23739745,19.98
10294056,4.92
295568187,5.92
281628116,6.83
198016335,5.92
2403267,2.72
10294010,Product Not Found
10294013,3.92
46095288,1.94
46095282,1.94
46095285,1.94
46095289,1.94
46095287,1.94
46095293,1.94
52633262,1.94
49065952,1.94
49065950,1.94
49065947,1.94
49065949,1.5
46095283,1.94
46095281,1.94
46095284,1.94
136651881,1.94
33056711,0.98
33141087,0.98
33056710,0.98
33141088,Product Not Found
45428382,2.88
24553281,2.57
24553282,2.88
16627389,4.54
24553278,2.57
33963487,2.88
24553286,2.88
24553283,2.88
15580725,2.57
24553284,2.88
20897690,2.18
20897693,2.18
20897692,2.18
20897689,2.18
10292730,2.18
171358052,2.18
10292698,2.92
10292703,2.92
10292705,2.92
10292706,2.92
406282613,2.56
719611538,2.56
835377368,2.56
487344423,2.56
476524885,2.56
452364996,2.56
792052316,2.56
279362989,2.56
189822396,2.56
599569243,2.56
416719131,2.56
335667717,2.56
154505093,2.64
119516590,2.64
108444023,2.64
197148913,2.64
167830484,2.64
144631042,2.64
23554584,2.82
34328262,2.82
15723909,2.82
15183428,2.82
44754083,2.82
15183429,3
23658440,3
153360434,3.18
547082235,3.18
19276110,2.82
21827348,2.56
21827343,2.56
23752049,2.56
15610584,2.56
52297233,2.56
52297232,2.56
52144370,2.56
22880504,2.56
50259420,2.56
50259421,2.56
10813347,2.98
10813361,2.98
47905682,2.98
49909687,3.28
36915845,3.28
28403756,2.98
10900155,2.98
49909699,3.28
49909689,3.28
49909688,3.28
49909697,3.28
10294708,1.88
10996968,1.88
10450476,1.88
10294706,1.88
10450479,1.88
10450478,1.88
965586163,1.38
714516430,1.38
742321266,1.38
494069904,1.38
750394420,1.38
164202264,1.38
948020632,3.38
899967548,3.38
481436160,3.38
579022868,3.38
220279687,3.38
665764726,3.38
538742129,3.38
490194997,3.38
436436737,3.38
210849789,3.38
340337468,3.38
10307238,2.54
10309700,4.46
10309701,4.46
14244869,4.46
44390989,4.46
10309699,4.46
35506192,11.98
47094270,11.94
10324290,5.38
10324291,5.38
10324292,5.38
10324293,5.38
36513148,5.38
14335915,4.98
32272824,3.74
113220821,2.36
199420070,2.36
55326896,4.68
106668360,4.68
812222492,4.94
151598342,2.36
126271788,1.97
37911609,3.56
19856850,3.56
19856851,3.56
37911611,3.56
52694732,4.42
52694733,4.42
391677902,4.68
188680737,2.58
635431250,2.58
37402740,4.53
187015522,4.53
10292090,2.42
10292712,2.42
10292089,2.42
10293968,4.88
10801444,4.97
10801459,4.94
10801455,4.97
26931081,4.88
10801463,4.36
10801457,5.43
14272832,5.97
19423430,5.22
14272830,3.5
47431329,4.93
10317480,5.98
34557777,2.5
43597395,7.97
49358456,3.67
50860895,4.98
49065924,3.67
49028498,6.48
49358455,3.67
10891734,3.67
10891736,3.67
578351207,3.67
49358449,3.67
13908219,3.67
50039778,3.67
49238640,3.67
193774137,3.67
49358450,3.67
49358453,3.67
50860900,4.98
24237685,3.67
49358454,3.67
49015182,6.48
49358457,3.67
525225460,4.98
141069493,6.47
310910608,6.48
438924266,7.34
151118852,3.67
10316042,Out of Stock
826143995,1.24
22211143,1.24
11303936,0.88
21881845,0.88
725748999,1
966307750,1
801234212,3.75
155321945,0.74
44391317,0.98
10984526,9.99
10984459,7.73
152970879,7.49
10984528,6.99
44419709,8.99
10984527,9.99
10984460,7.73
22563369,9.27
147187390,12.27
22282227,9.99
24538616,8.99
15716439,7.99
10984521,6.99
22026926,8.98
156275965,8.99
22563307,8.49
10984553,8.99
10984476,8.99
10984478,8.49
127415325,9.99
10984539,8.48
193848721,7.49
20702819,6.99
116662808,8.99
17787436,8.99
10984540,9.99
10984467,14.73
15556271,15.99
10984552,15.99
10984487,11.49
10984466,14.73
10984523,11.49
10984522,11.99
22563370,16.27
22573587,14.73
10984505,8.99
183844013,11.99
701303668,15.99
10984455,11.99
10984472,11.49
47064315,14.99
10984456,11.99
10984554,15.99
21553552,15.99
49932874,7.49
10984477,14.99
21553557,15.99
23788096,9.99
19500048,14.73
10984461,14.73
22573591,18.99
10984517,18.99
10984488,18.99
10984491,16.99
147956354,19.49
10984473,18.99
15561369,23.99
10996678,18.99
39665300,5.97
48806150,11.98
12158219,9.97
48768009,11.98
39665300,5.97
537158491,11.98
318298378,9.97
187985497,9.97
40775741,9.97
11997219,9.97
673554888,7
44570973,7
11997218,9.97
16401639,9.97
36406049,16.88
44395885,6.48
893324,4.98
47041345,9.92
51446787,3.88
23597994,4.96
115242356,9.98
15610514,5
10309332,2
12444544,5.94
23597995,5.48
26971669,5.68
893318,5.98
873411079,8.88
21296154,5.58
41157791,9.48
10325055,1.98
893360,4.5
12444539,14.97
10416996,11.47
36282317,9.48
35776262,14.97
10294203,12.96
43174855,2
893339,7.87
31714419,5.98
10294215,10.47
49550252,10.47
10294216,4.47
893337,9.47
12444553,6.36
12444555,13.62
10325057,3.64
12444552,9.84
31714218,6.36
14053322,2.98
21832047,6.48
22388730,12.47
39517587,12.47
45925305,12.47
40816793,6.97
22388727,13.47
17325126,8.44
17325127,7.47
17325128,8.44
21644813,5.94
683149376,13.47
20669701,4.97
10293985,1.64
10293987,1.64
10293989,1.64
10293978,1.64
10293980,1.64
10794773,3.48
10293981,1.64
10293990,1.64
10794772,3.48
47447892,1.64
10293983,1.64
10293984,1.64
17056788,3.28
49909660,3.28
49909662,3.28
535982445,6.98
491303556,6.98
971503257,6.98
659680282,6.98
401755735,6.98
366708068,6.98
618381411,6.98
790282803,6.98
10790823,2.98
10790822,2.98
17177050,2.98
10790821,2.98
55504648,1.98
39138845,3.98
17177091,2.98
22234363,2.48
10900111,2.98
10900110,2.98
22234364,2.48
10900113,2.98
470757256,2.98
101689665,2.98
402403057,2.48
356177178,2.98
53748197,2.98
10849918,3.78
29944598,2.98
43981987,4.58
43981986,4.58
22057341,1.98
10294425,6.42
20709857,6.42
14869700,6.42
15556545,6.42
10294424,6.42
10448715,6.42
10448723,6.42
10448721,6.42
10448718,6.42
10448717,6.42
23555007,6.42
10448719,6.42
10294423,6.42
14053339,6.42
621984710,15.98
617205607,15.98
951399983,15.98
783205767,15.98
170859986,15.98
476466165,15.98
45796273,6.96
45799810,6.96
45796274,6.96
10849491,3.67
826522596,9.96
45796278,6.96
462240282,9.28
45796272,6.96
45796276,9.87
11964634,3.72
10318509,3.72
10318519,3.72
10849492,4.84
15580407,3.72
755249093,9.96
757255932,3.92
128844478,3.92
28831183,9.74
212427967,3.92
11964637,3.72
42286893,5.52
42286896,5.52
42286894,5.52
42286892,5.52
209255766,5.84
10448644,5.98
10317248,5.98
32984667,5.98
40515319,5.98
10317241,5.98
14860482,5.98
10317242,5.98
11988942,5.98
20525377,5.98
681707775,14.96
202243264,14.96
272004147,20.24
278775183,14.96
539987786,14.96
597225287,15
632809584,3.75
552723810,20.24
687617557,10.12
584654519,9.92
423191479,12.98
206843925,12.98
917724898,12.94
434187766,12.94
449791284,12.94
704442216,12.94
181682314,12.94
117919124,12.94
49466610,22.83
50159021,22.83
745777831,22.83
479726585,22.83
178835006,12.94
55511369,12.94
576729386,22.83
44698359,12.94
124797647,12.94
44699076,12.94
55511365,12.94
159770452,12.94
44701113,12.94
44701079,12.94
383919597,12.94
490246687,12.94
306887488,12.94
187179302,12.94
720211565,12.94
725939673,12.94
918868893,12.94
278247961,12.94
690920378,14.96
945802443,14.96
637144046,14.96
45595082,0.87
45595081,0.87
45595083,0.87
49329676,0.87
49329674,0.87
49028503,0.87
45595080,0.87
45726053,0.87
49329675,0.87
519060542,3.96
27419993,3.96
27420000,3.96
27420003,3.96
27419998,3.96
32635977,3.96
21291510,1.22
21291506,1.22
21291504,1.22
27419990,1.22
21291515,1.22
21291505,1.22
21291501,1.22
38127739,1.22
21291508,1.22
21291511,5.34
10320962,2.38
10320963,2.54
25460584,4.38
20533475,1.72
10804522,1.72
10804502,2.98
10311910,4.97
35433691,4.88
12167081,4.27
10804481,4.27
16608918,4.27
10849443,2.92
22127250,3.88
16608914,4.88
10849091,4.97
49550263,4.97
47431329,4.93
14272832,5.97
568347334,5.97
19500266,4.97
12166846,5.76
42424704,7.77
24553273,16.37
24553274,16.37
42424706,12.84
24553267,12.84
21570065,6.98
650496866,7.77
323077794,12.84
323077794,12.84
24553272,11.48
25420397,7.77
677633315,3.28
286410763,7.77
799367183,14.12
34892474,7.77
34892476,7.77
12170313,3.48
191420088,14.99
10996603,6.98
44391400,3.96
23554782,5.99
140529384,16.27
10996604,10.99
10984501,5.99
158020836,29.99
152167083,6.99
49933042,3.48
165455256,5.99
171985902,12.99
10984593,5.99
155858788,5.99
120718540,12.99
181870051,14.99
20746431,10.99
194263226,12.99
154476952,12.99
132572479,11.47
19718032,10.99
199454949,17.26
54333799,3.96
14053290,5.99
175857049,13.99
923516763,8.96
12170312,3.48
131775683,12.99
10984592,5.99
170104857,8.98
10984589,10.98
23554824,13.99
10984571,13.99
142912387,6.98
12170314,3.48
10984620,14.99
11997753,18.99
10984603,13.99
155673589,10.99
14053294,6.99
152622114,21.99
150712040,12.99
10996598,6.98
10984502,5.99
47333686,9.98
117884289,8.99
14053292,10.99
23554845,10.99
101820867,17.99
122897305,12.99
150207265,18.99
10996599,10.99
970819759,8.96
456088131,9.99
137510338,9.99
12170311,3.48
12170317,17.27
10997035,4.99
10997036,9.99
12170316,18.99
14053293,10.99
14053295,6.99
603421516,5.99
188287500,18.99
414344604,12.99
11997751,3.48
11997752,18.99
10984595,9.99
10984564,6.99
10996601,6.98
10984555,21.99
10996602,10.99
10984596,13.99
122532384,12.98
10984503,5.99
177009952,12.99
10984563,4.49
54333741,3.48
44391376,9.98
134961823,10.99
23554930,16.99
10984602,13.99
188095892,12.99
149123688,12.99
193238570,12.99
148488540,10.99
128131657,5.99
10984599,9.99
185231322,19.99
178233825,21.99
10984597,13.99
23554786,5.99
126862514,5.99
115512601,9.99
14053297,9.99
143002881,12.99
10984566,9.99
10984583,6.99
102634370,12.98
100408939,15.99
14118971,15.99
121854055,10.99
100705732,59.99
11027979,1.47
11027978,2.78
195376776,6.96
603254949,6.96
606909721,2.5
277865377,1.98
52642275,7.12
257872275,7.47
21298421,1.08
184487787,9.99
427572369,8.99
141149799,11.99
479752624,9.98
198000911,2.94
10805262,4.26
15728862,4.74
15724136,11.24
537133584,Out of Stock
10292977,4.98
10292978,4.98
10313666,4.98
10292835,4.98
47183367,9.76
32214774,4.22
28468231,2.73
28468230,2.73
10813984,2.73
17208774,2.73
36348857,Out of Stock
45099788,2.73
36304314,3.28
27465109,2.73
44680630,4.77
31091075,Out of Stock
34108331,Out of Stock
30856904,Out of Stock
43365363,Out of Stock
30859337,Out of Stock
30954559,Out of Stock
29950172,0.98
29895443,Out of Stock
31006345,Out of Stock
36346894,Out of Stock
30958504,Out of Stock
31017817,Out of Stock
490792904,Out of Stock
36360105,Out of Stock
30918509,Out of Stock
30988145,Out of Stock
29888941,Out of Stock
47752454,2.98
184712956,2.98
162700117,2.98
10312480,2.26
882866080,3.98
10307652,3.64
284998358,2.25
38360240,3.12
654442950,1.98
21825522,2.12
21806567,2.08
20441600,5.88
874145802,3.42
12335344,2.25
51727071,5.24
166062362,1
106585958,5.88
51259550,2.25
47912070,2.78
324540912,3.38
49863609,4.48
22478883,0.25
36336043,0.25
46629720,2.67
10532865,1.98
12444629,1.98
10532867,1.98
10532868,1.98
10532866,1.98
12444630,1.98
39560954,4.28
630406250,2.48
10535771,1.98
10535769,1.98
10294758,1.98
45791890,5.54
45791889,5.54
144500247,5.54
472250992,Out of Stock
167276782,2.75
40711132,5.42
40711131,5.42
43310152,5.98
21556337,5.98
43310152,5.98
17179782,2.14
21296220,2.14
21559317,5.98
43310152,5.98
605114364,6.98
691307614,9.13
660758489,Out of Stock
183453754,6.48
35489048,2.14
21296218,2.14
21296217,2.14
21501734,5.98
12443821,1.92
122519458,2.97
11027259,5.94
10324126,2.82
15716858,Out of Stock
28644913,4.78
28644912,4.78
55538065,4.78
26971745,4.78
26641278,4.78
28644511,4.78
26971717,4.78
26971733,4.78
26971746,4.78
26641278,4.78
26971792,4.78
26971746,4.78
25619667,4.78
26971805,4.78
26971733,4.78
185105915,1.46
154757005,1.46
45595353,4.47
10294616,1
10294619,1
10535862,1
107303441,1
10790916,1
13424372,2.48
33417631,4.18
16927792,2
793179852,Out of Stock
40955799,3.18
10790917,1
108293065,4.56
195915517,4.56
168919409,4.56
434512769,4.56
104030552,5.38
186643915,3.98
109220068,3.98
10316983,3.97
27414822,3.97
10317002,3.97
893441,3.97
10317007,3.97
174237178,3.97
180157620,7.54
10316984,7.54
665607266,3.97
10317004,7.54
43337007,7.54
10316947,1.97
10316980,7.54
17248394,1.97
17325222,1.78
554548432,7.54
10317008,7.54
10316979,3.97
10316981,7.54
420447004,3.97
158319230,3.97
10316982,3.97
396493198,7.54
123471016,3.97
10317151,4.28
10317156,4.28
10317152,6.38
893449,6.38
20468141,11.28
10317159,6.77
17325219,2.48
10317160,6.38
17325216,5.48
396903297,5.98
203313866,4.98
10317155,4.98
55213091,3.44
17177011,8.42
124769667,4.74
179818036,4.74
655257631,6.62
36715724,5.97
830187546,4.32
505844296,4.98
906283500,5.97
284106904,8.88
36582071,4.24
24626093,5.97
47386147,8.82
159752281,5.97
722380682,5
614739692,5.96
338288735,5.96
509941357,4.62
129231687,5.96
39368864,4.98
34718113,4.98
27139939,4.98
466759249,6.62
365924587,4.62
35191368,3
848575530,6.62
303881738,16.27
836287222,16.27
160165312,16.27
842346442,9.48
135382853,9.48
858240739,9.48
898729856,9.99
932661920,9.99
237521277,16.27
204841082,16.27
952357983,9.48
127802520,9.48
104406998,9.48
190229102,9.48
43492890,7.52
19406200,9.97
51317095,4.96
44662554,4.97
34334607,7.52
11028062,2.97
14862987,3.44
23636962,8.94
775918187,3.98
193411149,5.98
694414212,8.98
43977401,9.97
43977400,4.97
49901528,5
54410515,4.48
186387160,9.97
14860462,4.94
15077444,4.94
38398329,5.47
16816412,4.94
155971489,4.94
193364291,4.94
52774210,4.94
11045953,7.92
46933780,7.92
182151370,2.94
822695311,2.94
553190939,0.75
40022003,5.97
36210156,4.94
159579188,2.94
110746551,3.97
169968433,3.97
602700205,3.97
191254258,2.94
155377783,3.97
175113374,2.94
789972130,2.94
844731585,2.94
629627549,2.94
474588646,2.94
10849766,2.48
15435631,2.48
15754263,3.12
24225480,2.48
15556207,2.48
15435633,2.48
54946327,2.48
160613756,3.12
15611039,2.48
10849771,2.48
124743608,3.12
35264434,3.12
54950001,3.12
356880552,2.52
159575057,2.52
992924422,2.52
532906145,2.52
220334030,2.52
112686246,2.67
14335914,4.98
33426038,9.42
996146156,2.52
16004712,4.98
14335915,4.98
33426037,9.42
33856311,4.98
31008262,1.98
29872018,1.98
31014653,1.98
11964934,4.98
19276120,4.98
17670800,4.98
20897704,7.97
32200839,7.97
14664735,4.98
10801086,7.97
39384112,7.97
32200837,7.97
21002371,2.98
20976607,2.84
21174196,2.84
21208469,2.84
21476104,2.84
110134366,2.84
322908761,3.28
22863013,2.98
21268885,2.84
10319631,2.84
51407610,2.98
576854711,3.68
523586717,Out of Stock
16004714,6.47
13281698,6.47
13281704,6.47
24008034,6.47
16224479,6.47
49606947,6.47
13281697,3.92
16785066,6.47
11061814,15.96
24389712,5
10315695,4.98
129588806,4.98
131706260,4.98
154587710,4.98
14588836,4.43
10794916,4.98
10794919,3.88
44456289,4.98
10794920,4.98
10794917,3.88
33378668,3.88
49314239,3.88
837863619,3.88
300745322,4.98
10801682,3.27
10801678,3.27
17178614,3.27
10801688,3.27
10801687,3.27
10801681,3.27
11047563,3.27
16213419,3.27
51351112,7
12166992,0.75
10801679,3.27
12166995,3.27
15754298,3.27
813686453,4.84
136883691,0.75
119014098,4.98
190111158,4.98
188830060,4.98
161797621,4.98
189500705,4.97
137747438,4.98
497610247,4.98
196111165,4.98
407303626,4.98
483885001,4.98
391338084,4.98
164285414,3.88
115170583,3.88
123184392,3.88
174511849,3.88
137858107,3.88
152814246,3.88
121365403,3.88
151837451,3.88
151965762,3.88
469789298,3.88
535786015,3.88
848584637,3.88
698655476,Out of Stock
234149764,3.88
114703746,3.88
321787007,3.88
650920576,3.88
16940496,4.98
45106815,4.98
556721153,1.08
116090478,1.08
349752600,1.08
877935624,1.08
17056860,4.98
121063154,1.08
777952526,1.08
900644015,1.08
22176465,3.33
25124455,4.48
981840283,2.18
475379141,2.18
732329987,2.18
34218621,4.48
22176464,3.33
44691100,4.48
811810627,2.18
933625784,2.18
50305570,1.97
691466112,5.98
22086090,Out of Stock
47360042,1.97
21096113,5.98
47360041,1.97
180971930,1.97
21096109,1.88
21096107,1.88
143946438,1.88
654766557,1.88
138791802,1.88
21096110,1.88
516515287,5.98
869987006,5.98
21098625,1.88
21096108,1.88
21695214,0.98
140057272,0.98
10312599,2.48
10312601,2.48
13448658,2.48
10312600,2.48
36929091,2.48
10312635,2.98
10312636,2.98
601061875,6.98
870015059,6.98
10450473,2.98
10294692,5.98
10294701,2.98
10450471,2.98
10294700,2.98
10535452,2.98
13424374,2.98
139200797,2.98
46262935,5.98
10535504,2.98
45709439,2.98
267908002,2.98
10294703,2.98
10535506,2.98
25851073,2.98
10996966,2.98
23554392,2.98
22478824,2.98
10419055,4.98
22478823,2.98
10294704,2.98
10419047,4.98
10535448,2.98
45754315,2.98
10419062,4.98
879656438,2.98
482272633,2.98
45810733,2.98
127208077,2.98
141035160,5.48
10294699,2.98
810514337,2.98
484562680,2.98
125414806,2.98
49684989,2.98
385647447,2.98
46161464,2.98
22478835,2.98
506892806,2.98
810015738,2.98
10450481,2.98
10291227,2.93
10291187,2.96
22617047,3.48
42679305,3.48
10309791,7.98
15992037,2
37332438,7.48
20647783,7.48
556490616,5.98
10309792,7.48
11028011,5.98
10309801,5.98
10309803,5.98
10309800,5.98
10309802,5.98
10309804,1.5
10309806,1.5
739252301,5.98
614121524,9.94
474034135,9.94
969033646,9.94
406202626,9.94
43492893,3.97
440104829,3.97
737820821,1.24
614366438,0.88
530449963,0.88
288181453,1.48
31953096,2.58
10324544,2.34
17325269,3.24
920436056,1.98
220227383,1.24
114050166,1.24
415310511,1.48
187703004,1.24
850562562,5.98
314321913,1.24
229556647,1.24
383754930,1.24
127984097,1.24
989667054,5.98
475284717,1.24
104932455,1.24
608336571,5.98
194046671,1.24
220227383,1.24
13847779,8.12
17325290,14.94
17325291,14.94
17325289,12.98
13847782,1.5
17325292,12.98
17326722,Out of Stock
48804242,9.94
12018837,5.12
395126895,9.94
218499190,11.28
374572740,11.28
365650156,9.94
149701553,5.12
17324907,5.12
12018837,5.12
139142690,9.94
12018836,5.12
12018838,5.12
17324906,Product Not Found
23788437,2
48804248,5.12
23740919,9.94
28646397,3.38
28645510,3.38
49769691,9.94
12018840,2
34632726,5.12
17324908,7.12
15728864,7.12
40955862,7.12
40187109,3.38
17324908,7.12
15728864,7.12
26958310,3.38
17619683,3.18
37911609,3.56
15556103,3.18
19856848,3.18
10307796,4.98
10307814,3.18
10307815,3.18
10898906,3.18
19856851,3.56
10307813,3.18
326553053,8.86
10451142,3.98
10794897,3.98
10794908,3.98
36168199,7.94
10403809,2.98
10314950,3.66
10308891,8.12
199030208,3.97
23591462,4.48
15567258,1
15567258,1
15754368,1
15716875,1
15716871,1
16821302,1
23591461,4.48
24360573,4.48
24360574,4.48
10317248,5.98
42068049,3.22
42068050,3.22
111903391,3.22
133272692,3.22
47197223,3.22
42118172,3.22
42132281,3.22
10452473,0.57
41862625,0.57
10453152,0.57
11303916,0.57
50280115,0.57
10452357,0.57
463557731,0.57
24034028,0.25
504008526,0.52
807275812,Out of Stock
560173927,Out of Stock
965721993,Out of Stock
47930394,6.38
47064335,4.93
755788404,3.88
193365219,3.88
20683208,2.94
25847548,Product Not Found
37447687,2.48
38498811,4.24
332255231,3.94
46854898,2.98
25847557,2.22
10308082,2.78
10453061,2.94
25847552,2.22
10308119,2.94
10308155,4.86
303240454,4.98
47714459,Out of Stock
22109596,Out of Stock
29873529,4.48
22109594,1.53
10293728,2.98
23591299,2.98
11047312,2.98
153406428,4.42
10900064,2.98
10900064,2.98
10293726,2.98
20435327,2.98
10293727,2.98
10293724,2.98
10804559,2.98
10293725,2.98
20435329,2.98
20435326,2.98
23554726,2.98
23591298,2.98
45735880,8.56
1115503,7.52
1115500,7.52
1115501,7.52
1115502,9.47
10308412,1.5
10849619,8.96
428898767,5.54
863445026,0.98
411811249,6.93
47432388,6.93
47432368,12.94
47445646,6.93
47432382,12.94
47432522,Out of Stock
47445646,6.93
182691491,14.97
387867359,9.97
45617957,Out of Stock
45617959,9.94
45652559,9.94
178461646,13.48
36214114,3.88
21268881,1
21268882,1
49223968,1
20469607,1
21268883,1
21268884,1
44391240,1
20469606,1
24389332,1
44391331,1
24389337,1
41578529,9.98
16785033,4.98
23597988,10.98
10535117,3.44
10535132,4.33
44883263,1.86
876052673,4.98
10309035,1.86
39218667,3.34
10308078,2.44
46861994,8.98
10449285,4.98
15754619,3.12
44981960,3.18
10535029,2.48
10535128,3.86
44981961,4.48
13448787,2.44
111214584,5.98
45618178,3.44
46861999,8.98
550652866,5.78
39340099,2.84
162355237,4.98
356986409,3.87
54989029,2.66
10535127,2.74
103380704,3.97
192979506,4.94
365750151,3.97
10535031,2.98
10309035,1.86
606784811,4.98
10308055,4.18
567016587,6.13
44981960,3.18
44981962,5.98
10450667,0.88
10450686,0.88
10450651,4.98
10450657,4.98
13908455,3.98
22210629,3.98
14862987,3.44
11028062,2.97
44662554,4.97
19406200,9.97
34334607,7.52
15556545,6.42
10448715,6.42
10448719,6.42
14053339,6.42
15556548,6.42
21677868,7
17689568,7
17689565,7
20709849,7
10449227,1.94
10449227,1.94
616237304,0.5
21555741,2.24
11964847,1.98
10313597,1.98
11964847,1.98
10292607,1.98
10313598,1.98
502524113,Out of Stock
11027259,5.94
140502634,0.75
10313168,1.88
21804014,2.86
10450329,2.98
45733436,Out of Stock
900644015,1.08
34218621,4.48
21096110,1.88
933625784,2.18
10450331,2.98
25124455,4.48
14122881,3.28
21096109,1.88
44691100,4.48
10293192,2.67
30959467,4.64
28644965,3.18
264084965,2.97
15610845,2.67
28645380,4.78
10293195,2.67
20897688,2.18
10292730,2.18
20897690,2.18
896644347,1.94
246761716,1.94
284100818,1
849101451,2.98
16504556,Out of Stock
10891757,3.68
10789593,3.68
10789583,3.68
10789584,3.68
10789568,1.94
10818639,1.94
759722026,1.94
54082903,3.97
51259301,2.47
39096464,0.83
463221476,2.88
246337796,1
10311619,1.94
151528591,2.96
10900112,2.98
10309354,1.98
10900111,2.98
164047382,3.98
548829283,1.98
10900110,2.98
12335104,1.98
49909674,2.98
835593418,0.92
31017819,3.5
22309171,2.28
192449451,1.34
22309172,2.28
10309358,2.76
10309358,2.76
23597924,3.28
15021157,2.47
19757985,4.24
10313164,1.74
10313164,1.74
10309357,2.28
15610880,1.98
466391088,8.94
24553274,16.37
530534816,12.84
14869670,2.24
15561344,1.74
128822499,2.14
10535480,3.44
117844924,4.98
32590745,5.67
10320859,2.12
524659395,1.57
14940709,4.48
14940709,4.48
45912953,1.78
15580511,7.98
14944716,1.58
15673702,2.08
833029622,1.58
24389690,Out of Stock
44000694,Out of Stock
835377368,2.56
15556067,5.58
15556068,3.24
10801133,1.84
21296187,2.28
481607513,1.5
10451751,2.83
16564862,4.72
10451751,2.83
552442322,4.22
257706381,Out of Stock
27419998,3.96
21291505,1.22
21291501,1.22
519060542,3.96
47737964,3.18
21961723,3.18
21961724,3.18
21961722,3.18
21961722,3.18
21961723,3.18
45595080,0.87
49028504,3.12
683838553,Out of Stock
16778168,1.24
16778167,Out of Stock
10320975,0.5
530341960,Out of Stock
54199504,Out of Stock
10291170,2.66
45743173,4.33
25460584,4.38
47183345,3.74
21291515,1.22
23591119,0.87
292066308,7.77
21291516,Out of Stock
10320962,2.38
47183344,3.74
741412782,Out of Stock
630381200,Out of Stock
277562383,Out of Stock
51254132,12.14
36073276,12.14
51254136,6.76
36073275,12.14
51254131,6.76
11027175,6.76
11027171,6.76
51254133,12.14
11027176,5.78
11027186,6.76
11027178,4.46
36029312,12.14
11027174,6.76
51254138,12.14
56078223,6.76
951505958,6.76
11027177,6.76
40547486,9.97
34926238,12.14
991314476,4.46
552728141,6.98
629306007,2.47
678609516,3.26
272563896,7.98
14971994,30.72
51409747,18.88
21982648,34.94
10898797,17.46
14053324,1.87
14053325,4
13920384,4
33606263,17.96
930104120,4.98
52796489,4.98
23658427,2.72
46491749,1.82
15556050,2.98
19856813,2.98
15556051,2.98
174237178,3.97
10316947,1.97
10316983,3.97
665607266,3.97
44390958,2.88
44390991,4.47
151762086,5.64
40711128,2.68
40711129,2.68
17179782,2.14
21556337,5.98
144500247,5.54
10535766,1.98
474023104,17.57
25490552,17.57
19416507,17.57
37792360,23.32
19416506,17.57
37792361,23.32
37306566,2.94
17341399,4.77
34526580,24.27
35452863,24.27
43848338,Out of Stock
492908146,4.58
10535150,3.24
10535148,3.24
10535153,3.24
10306750,2.08
14150167,3.28
54065317,1.88
10293835,2.24
10293834,1.28
10291381,2.48
10291376,2.48
14053192,4.78
14172101,3.28
980227501,1.74
10291381,2.48
923996533,3.52
225301474,4.98
50068000,6.99
10308264,1.98
39085868,3.78
10311382,1.12
105684157,3.84
10311488,1.86
20511489,1.07
20511496,1.07
20511485,1.07
20511484,1.07
20976626,1.98
337123827,2
10311313,1.78
10294413,1.67
10291798,1.93
10319293,1.74
10291797,1.93
10291863,1.14
10291025,0.82
10291746,3.54
46330158,5.93
10292113,3.33
10311314,3.62
15718130,3.47
10294615,1.97
122249068,5.48
10294673,1.97
12166182,2.98
49658062,1.97
40926625,1.48
40926634,1.48
10311392,2.46
20470594,3.12
34201713,4.44
17203447,1.13
10818672,2.5
13424483,2.5
10818669,2.5
15716842,4.97
37332439,Out of Stock
10309811,4.97
10309820,4.97
55109196,4.97
52774219,9.94
827726263,6.48
370602672,12.48
39086034,0.75
44662566,3.98
44662562,3.98
44662559,3.98
44662563,3.98
44662561,3.98
15556271,15.99
10984516,15.99
24538615,15.99
22563370,16.27
22563369,9.27
10984552,15.99
10984550,8.99
50912363,2.18
38227572,2.76
21618295,4.42
21651852,2.58
21651856,2.18
21108358,3.34
12443820,1.92
813236892,7.97
19898461,12.84
419936114,4.48
517352231,3.98
170476642,4.56
10533919,2.08
10449432,2.97
644002814,2.97
10533916,2.08
629078254,3.18
710007426,3.18
470714475,3.18
703193408,3.18
10314777,2.08
26832231,4.38
172802595,2.48
46491804,1.78
45912872,2.96
35824694,4.87
10452830,3.57
12018215,3.92
46491799,1.78
989704797,1.98
10452829,2.98
204689775,2.58
40999658,2.58
157426967,2.58
21349264,2.58
21467426,2.58
21467427,2.58
44754087,2.58
22301233,2.58
930588005,2.98
50259433,2.58
50259427,2.58
34312391,2.58
26811018,2.58
26811023,2.58
132714110,2.58
312135019,2.58
12444425,4
12444426,6.34
331853414,9.68
131903976,12.64
20850616,1.94
12018528,0.74
10449330,0.74
10307791,1.52
15729032,1.94
10452824,2.78
19897898,1.98
160065419,2.48
10449317,1.98
247313324,2.98
193243827,3.96
10291056,3.64
45956707,Out of Stock
10291535,1.98
10291058,3.97
12018745,12.47
11964612,1.88
15730462,1.88
20702796,1.98
10308416,1.98
33282374,0.25
38253425,0.88
38253501,0.88
38253488,0.88
280368987,0.88
33282373,0.88
35013169,0.88
10804327,Out of Stock
10306800,1
10306799,1
10306793,1
10306790,1
10306779,1.38
10306794,1
12166523,0.75
10313172,1.37
21467432,1.37
10313174,2.25
10292168,1
10292168,1
10290957,1.68
10290952,1.47
15240706,1.5
15240705,1.5
10304331,1.48
10304412,1.72
10304327,1.48
10304328,1.48
10304323,2.28
10295233,1.76
10295242,1.76
10295242,1.76
594550536,2.36
43830575,0.56
15240647,2.78
10308535,0.88
10449173,0.98
10308533,0.88
10321012,0.88
55019241,0.98
10308552,0.88
55019243,0.98
51258906,3.28
10321386,1.53
190824469,1.68
10290949,2.18
16777249,0.98
10295081,1.14
10295086,0.88
10295087,1.64
10292992,0.84
10794762,0.98
10794762,0.98
10295082,0.72
10295084,0.5
10292994,0.92
21788698,0.48
12167149,1.76
19718006,0.68
15240751,0.97
13398003,0.83
13398002,0.83
11965047,1.16
36333611,Out of Stock
10319329,2.98
10318772,0.98
10295219,0.98
10318790,0.98
10291114,1.14
15603759,1.96
10319331,1.28
20435162,4.92
52241274,5.12
110730802,2.88
225137644,2.98
394624478,2.98
10818612,2.58
21268885,2.84
21174196,2.84
10319631,2.84
21476104,2.84
981084609,3.64
807090338,3.64
944068996,2.78
47725947,3.88
10295342,2.38
10315505,2.43
10295330,2.38
49569563,8.38
535953454,2.37
10295586,4.72
10291406,3.97
15716473,3.48
21805042,3.98
122250650,6.14
21805040,3.98
10308726,6.98
10308724,4.96
47041171,2.78
47088918,2.78
47088920,2.78
47088917,4.68
47041166,2.78
48676850,4.98
34186948,1.98
11964619,3.28
183756386,3.44
121845653,1.84
10291571,2.88
11964919,2.88
10291566,2.88
21268975,2.88
725691843,3.44
22210594,2.88
119621617,4.98
15716748,2.98
354626976,1.06
849188565,1.06
455519128,4.78
14905967,3.98
10533516,4.46
10307289,3.22
10307287,3.22
716664148,1.75
16618649,2.57
42124218,2.57
10292697,3.26
25875637,2.57
49463560,6.96
786856845,5.97
16554968,6.92
53725825,5.97
10294152,5.97
32180063,23.94
31956241,13.64
10849237,7.87
10899037,7.94
14313115,12.48
48714333,5.98
1192071,5.98
957277279,7
179204135,2.98
173946476,2.98
11025598,2.5
44391659,3.34
182870776,3.32
44391012,4.26
44391069,6.88
10533372,1
10315646,0.98
15529425,2.23
10292090,2.42
591479114,1.68
597867208,1.68
17800760,0.75
17800758,1.88
34789040,3.78
21950072,3.78
160195179,0.5
17800757,1.88
36361705,3.47
15570912,3.48
178938915,3.48
497562721,11.42
592611238,2.68
49769655,4.53
10324251,9.97
32427568,9.94
39661521,10.47
10403800,1.97
13908737,4.88
124769667,4.74
17235796,12.47
340163585,12.97
983264827,7.94
20608083,4.24
21644814,10.47
21644823,10.47
129231687,5.96
509941357,4.62
20886516,6.48
22388727,13.47
45925305,12.47
21128176,14.94
17325128,8.44
17325126,8.44
314210624,0.98
792526580,1.98
10290678,1.98
10307978,1.48
10321674,0.9
44391657,1.48
10321636,0.9
10321658,1.48
10321686,1.48
37827725,2.26
10321724,1.48
10321726,1.48
21296164,1.52
10321657,1.48
253942483,0.98
10313024,2.82
30986216,1.36
14651651,Out of Stock
15556023,2.58
35486043,2.28
35486041,2.28
14574584,2.98
45612361,4.28
15077427,2.26
10312980,3.77
14647641,2.98
15556135,4.72
14651653,2.08
318904523,1.74
14647660,1.98
10535859,6.16
15529427,2.48
14089343,1.97
17247766,2.37
17247765,2.37
45791869,2.98
10308583,1.27
181882761,4.97
181882761,4.97
706890202,5.28
10291968,2.42
52297232,2.56
548459166,3.97
10292640,4.23
34202117,2.74
17176262,2.74
23554583,2.82
17176255,2.82
23658442,3.34
22880503,2.56
11045784,2
15724189,3.28
119478023,3.96
10294701,2.98
10450481,2.98
13424374,2.98
22478823,2.98
35162370,2.98
147046935,10.98
535864229,7.47
20590102,8.46
10320857,4.98
20590101,8.46
107198869,11.94
10308188,2.98
10291485,2.88
10308191,2.88
10292275,6.74
10448082,11.98
46651273,9.96
55504330,13.28
10294412,9.44
10308181,5.58
115769787,6.47
46651274,3.88
10308523,3.67
49909662,3.28
49909660,3.28
17056788,3.28
49909692,3.28
283938010,2.27
28986017,9.26
196850633,7.47
326531313,9.96
580545345,8.92
32427569,9.94
54320956,3.48
10293982,3.48
10293985,1.64
10794773,3.48
10293987,1.64
10293989,1.64
10293984,1.64
10293980,1.64
47447892,1.64
10292721,1.98
29188104,2.5
34312392,2.68
33571861,2.17
314637921,2.98
34632324,2.68
534402624,2.56
10292621,2.56
10292620,2.56
35643839,3.38
10295591,3.38
10898596,2.98
10898596,2.98
10423332,1.97
885823568,1.44
23788429,3.97
10320642,1.5
39096467,3.34
10320644,2.98
10320633,1.98
10320643,Product Not Found
21656980,1.58
32195202,2.96
27419889,2.96
10291219,2.14
17619627,0.87
198295609,2.78
45106818,1.84
17283374,3
586460172,3.47
823717740,1.5
167130047,4.97
529250656,3.5
936157137,4.47
154757005,1.46
42072243,5.98
47934608,6.98
191540078,1.84
115102436,6.54
590825170,6.72
10307247,2.54
14551077,5.98
21576047,6.98
49543495,6.98
10292751,3.88
26832120,3.28
156197276,1.88
51259467,4.73
53748216,3.33
21905151,5.97
45726051,5.97
10448002,1.88
13908412,6.98
15435629,5.47
34379636,3.28
119444863,12.98
149341168,9.77
158479326,9.72
108093440,4.5
10804439,5.98
44391002,7.76
16940591,7.66
920731842,7.76
10312279,2.96
35433691,4.88
22127250,3.88
10849091,4.97
49550280,4.97
10849443,2.92
16608914,4.88
100809383,4.27
12167081,4.27
16608918,4.27
10309599,15.87
8457196,14.97
54061717,11.47
17325181,0.98
807042637,9.94
55204989,18.98
10324476,2.84
189263083,1.28
10312057,23.88
17248343,4.74
16627524,1.5
24626093,5.97
35592602,0.88
20551431,4.98
49527322,6.97
10325062,1.98
44807472,1.98
10403743,4.78
16627557,5.98
49058079,6.98
49058078,14.97
10317155,4.98
10317156,4.28
396903297,5.98
893449,6.38
765007855,2
34764454,4.98
10324468,2.67
167214513,7.76
765528709,7
44807523,9.84
10317151,4.28
284106904,8.88
10317152,6.38
21082592,3.82
15610987,4.94
807870834,3.82
10324740,3.57
10294995,1.84
115430336,2.4
10309449,1.94
37915367,4.76
10790821,2.98
17177050,2.98
10790822,2.98
112054118,0.98
10318826,0.88
49408992,10.26
10292771,2.58
10292779,0.24
20531341,0.24
15935636,2.98
20531329,2.98
15939958,2.98
22309193,2.98
20531330,2.98
15935640,2.98
10292237,2.48
17248117,2.48
10402770,2.48
145771665,1
11303904,1.96
17179748,1.97
17248110,2.48
10292694,2.48
10317242,5.98
32984667,5.98
40515319,5.98
10317241,5.98
14860482,5.98
44907129,7
44907125,7
51258973,1.98
10318441,2.98
17324930,2.98
51259531,3.98
10324125,2.67
10449724,4.74
51446782,5.92
15935196,1.98
10448006,2.24
13071859,24.32
14574631,6.94
10801455,4.97
10801459,4.94
10293968,4.88
10801444,4.97
19589811,4.46
38802597,0.94
876508,5.28
17325265,3.24
10316248,3.24
359088041,1.87
143805486,3.68
413701951,1.42
31705971,7.97
10532949,2.73
10320871,2.45
22660291,2.68
11027978,2.78
121815660,2.36
11030057,1.94
12442827,2.98
175840656,2.98
45796272,6.96
45799810,6.96
45796278,6.96
45796274,6.96
45796273,6.96
10849491,3.67
782166113,15.47
10324685,5.98
31958680,0.88
860746544,4.98
34766391,1.48
927799450,7.97
20850574,4.23
102355466,3.23
10448587,6.96
46068797,6.97
35756729,1.47
139681615,3.98
369283286,3.98
747667210,3.98
158371856,6.98
44391182,2.97
110859091,2.97
151438938,3.98
14255298,12.98
14255302,5.98
19758054,5.98
869785159,1
824672635,4.98
148683676,2.87
44391113,2.98
51259229,0.78
991242916,1.98
45980581,2.98
45980580,2.98
51259389,5.98
10535757,1.54
14053328,2.58
44419690,2.23
46866239,2.76
704747922,3.46
10451315,0.98
42353640,1.47
13399614,2.58
10308257,1.34
10308259,1.34
14122353,6.16
19757423,6.16
14149974,6.16
34701147,4.98
14664735,4.98
11964934,4.98
19276120,4.98
513053449,3.78
10324290,5.38
220334030,2.52
10805050,2.42
10805037,2.42
138691712,11.68
969745803,8.98
10315841,8.98
108931416,4.97
14664699,6.28
486256134,5.98
10450283,4.98
415721122,4
354253473,8.97
10790954,3.94
46064326,2.98
450785799,2.5
111631222,8.97
15754263,3.12
47386166,1.24
10794812,2.64
10794811,2.64
11961001,2.68
112688213,2.84
10794919,3.88
33378668,3.88
300745322,4.98
10794920,4.98
49314239,3.88
188424438,3.17
13252699,2.36
21943647,9.98
760946529,8.47
10543666,1.98
46491742,8.47
13045006,3.47
31712522,2.36
46807534,6.47
46491744,6.47
877063438,5.47
672666564,7.47
32252308,6.97
44389039,8.97
700604894,5.47
14089506,3.47
16554758,9.98
22569731,2.12
31712521,2.88
16554757,9.98
13908196,2.64
15136625,2.64
698678144,3.28
475122120,2.5
765237014,2.5
17283435,11.98
604914574,10.28
46707029,5.96
15136894,3.58
10813859,3.58
15580491,8.18
416021152,3.98
47183368,9.76
47183367,9.76
10293039,5
25826933,5
33731239,5
37661159,5
10292912,3.98
10292862,2.98
41461683,5.76
10292863,2.98
35868205,1.64
43951337,5.46
556818311,11.64
152363986,5.92
22700527,5.34
21849230,3
902885299,11.58
289132118,6.98
33284355,13.98
946045351,12.98
22056064,3.84
489576711,3.98
435222224,4.78
51251297,19.97
826708035,14.98
51259385,2.98
328567678,1.48
10318793,1.14
10849705,1.98
47088950,1.74
20918323,3.33
55171742,2.48
47333598,5.98
10312199,0.98
730823322,8.97
54027280,1.97
10790956,1
54049488,1.97
46879778,1
46879779,1
54027281,1.97
22210518,2.64
13399285,4.88
10891831,2.38
13399284,4.88
10891829,2.38
10891836,2.38
10891834,2.38
10891827,2.38
177363427,0.75
36336043,0.25
22478883,0.25
10307930,3.98
657592423,2.48
10294755,1.98
40711132,5.42
10294756,1.98
10535769,1.98
10535771,1.98
10294754,1.98
40618025,2.28
21268926,5.98
53479012,6.98
24017592,3.94
46095284,1.94
46095281,1.94
46095289,1.94
46095282,1.94
49065952,1.94
10801722,2.68
10801719,2.68
22880513,6.94
10801718,2.68
23816535,6.94
12444510,2.68
132125497,2.54
191193830,4.82
307879612,1.74
21905176,2.42
21905171,2.42
13812779,0.92
13812771,0.92
13812782,1.18
519446557,1.32
788098879,1.32
13812773,0.92
13812774,0.92
13812784,1.18
13812772,0.92
13812783,1.18
13812770,0.92
13812781,1.18
13812780,1.18
48256169,3.68
10813984,2.73
27465109,2.73
44680630,4.77
10535198,0.78
10309041,0.88
10535200,0.98
15529429,1.78
15529431,1.78
14940820,1
14860447,7
50159021,22.83
576729386,22.83
15136794,16.88
15136796,24.92
479601462,5.38
241171257,5.47
793989706,5.88
167493782,8.47
887705275,24.43
604870267,6.98
827143447,5.87
14272790,4.37
190340117,6.28
21268048,6.28
17247623,2.77
392167929,1.98
742477019,9.87
16672126,13.97
204841082,16.27
127802520,9.48
237521277,16.27
952357983,9.48
190229102,9.48
104406998,9.48
303881738,16.27
160165312,16.27
836287222,16.27
842346442,9.48
16504539,4.58
10535476,1.98
10294764,1.98
10450483,1.98
10294763,1.98
38124887,1.98
10324612,3.28
10324607,3.28
10324606,4.86
11028017,5.94
10535038,3.44
684003468,3.74
10535116,2.98
10320869,1.87
10535040,2.44
403009315,1.98
133770861,3.97
46536677,5.48
10535041,2.44
152404120,4.94
10535118,4.12
10535120,4.56
724481763,4.48
647684173,17.89
51334478,7.48
133327070,14.47
16940371,4.52
241902918,0.5
12458009,6.87
35506049,1
458521552,1
186569816,4.97
175014192,4.97
194835407,4.97
106395353,4.97
173056383,4.97
118591875,4.97
150573082,4.97
171789246,4.97
165506741,4.97
43346780,2.58
43285924,2.58
43285925,2.58
43285923,2.58
21081233,2.28
433628197,3.82
10294409,2.72
167810294,9.97
20977470,5.98
11964711,2.82
13925187,6.17
969652924,3.98
51762354,2.68
17056909,4.78
121592299,6.98
13448693,1.98
11984479,1.98
15137326,0.5
128642379,2.73
10850130,3.34
110895339,2.73
136993569,4.97
10293745,4.18
165506741,4.97
165506741,4.97
10293735,4.18
10801678,3.27
175014192,4.97
605849518,4.27
35734897,4.18
10898721,4.18
10293736,4.18
10309259,3.97
51316819,3.97
10309247,3.97
10309251,3.97
603336067,3.97
10309249,3.97
10309255,3.97
35734409,3.97
10309253,3.97
10309263,3.97
46726157,3.97
11061814,15.96
13281697,3.92
10801682,3.27
10801679,3.27
16224479,6.47
813686453,4.84
17178614,3.27
13281698,6.47
10801678,3.27
11047563,3.27
848584637,3.88
43285924,2.58
535786015,3.88
43346780,2.58
164285414,3.88
152814246,3.88
137858107,3.88
104238737,3.97
10309254,3.97
15754304,3.97
115170583,3.88
341661424,3.47
188680737,2.58
187015522,4.53
37402740,4.53
52694733,4.42
52694732,4.42
45791914,18.52
10321305,3.33
10420370,3.33
814297153,1.98
50035705,28.17
15570903,2.27
10450904,2.27
10450894,0.37
15570902,0.22
369126868,1.88
26084323,1.98
10535550,1.64
10309672,1.98
228680027,2.86
23736260,4.44
20659620,6.98
31958682,0.88
24093542,2.98
38587343,2.98
10313637,2.16
10290699,1.86
20531361,1.48
40927981,1.92
28403811,2.84
14940732,3.28
10308113,2.84
10308143,3.38
14940730,2.84
21289134,10.74
869829321,13.88
525771648,8.88
17056860,4.98
16940496,4.98
877935624,1.08
54844983,2.38
10292353,3.68
26947112,3.28
10535467,2.36
10292356,3.68
10321650,2.88
12166387,2.68
10415112,1.84
12166385,2.68
470751119,2.98
46861789,2.28
13908708,1.98
13908707,1.98
186603882,3.48
13908699,1.98
10309521,1.98
13908211,2.98
47133380,2.98
47133373,2.98
46861794,2.98
42124214,4.47
54060615,4.47
54060610,3.92
116173787,12.94
128314678,22.83
156925359,7.28
768201455,7.28
139297127,14.22
995519471,14.22
25876411,4.53
26967480,4.53
25876411,4.53
34202685,2.78
134239683,1.74
323023926,1.25
36325236,3.38
454333699,Out of Stock
11027536,4.94
51259368,1.74
40347953,0.98
15571062,2.98
20631705,2.54
10532755,2.78
13866106,7.88
635299725,19.98
14568798,4.88
893209,6.88
233863422,14.52
10324556,6.98
10293128,2.98
42391405,2.98
10818473,8.68
10801471,6.58
13274543,8.68
10818476,6.58
12167328,7.97
20659598,10.98
871618,5.62
871618,5.62
11997314,4.66
23756698,9.12
32239571,9.58
11997298,9.12
10811050,9.12
11997301,9.17
48931577,0.97
10295445,5.84
44906524,5.58
10295441,5.84
10295440,3.48
791797285,5.84
25868505,5.12
610849592,5.12
968643385,5.12
24706212,5.78
12018832,4.78
10790888,1
10291660,1
15556179,1
10291661,1
10295757,2.77
10295762,2.98
14869830,3.78
323652969,2.78
10295756,0.98
14869676,4.5
14869832,3.78
10295760,0.98
10295740,0.98
14272832,5.97
10805081,4.93
12166846,5.76
42286894,5.52
42286893,5.52
11964594,2.64
21467380,1.7
10801778,1.98
47446798,2.78
47446799,2.78
10453063,3.97
10319656,2.16
10308273,4.48
21296147,2.98
44391026,2.98
10315796,2.98
44391048,5.68
44391006,5.68
43922523,3.22
43984343,3.22
43984342,3.22
10801613,3.72
43922523,3.22
43984342,3.22
43984343,3.22
43436773,3.22
43436773,3.22
893257,11.47
15544073,7.97
41105695,10.22
55041891,8.86
10325002,3.96
38253373,1.78
816990455,2.98
38253374,1.78
10295317,1.88
10295312,1.48
794177962,2.98
49065924,3.67
49358454,3.67
49358453,3.67
49358449,3.67
10891734,3.67
49238640,3.67
49358456,3.67
13908219,3.67
578351207,3.67
45103545,5.34
10307705,3.46
22795518,3.94
10307707,3.98
605982558,3.94
10307709,5.54
989979757,3.94
798350187,2.97
979882341,2.97
918832887,1
607946387,1.5
927329756,2.5
758331012,Out of Stock
150481939,1.75
664369767,1.75
313021060,Out of Stock
790282803,6.98
659680282,6.98
971503257,6.98
491303556,6.98
699571654,0.49
618381411,6.98
10324793,5.98
669532981,10.88
37661283,9.74
19611719,9.74
12081663,9.74
25294835,9.74
37661281,9.74
12081663,9.74
37661285,17.44
243542717,11.96
31956101,6.94
426745834,11.96
36029347,7.97
36029469,7.97
21048458,7.97
346132861,13.92
14706710,8.94
392611498,13.92
35911319,9.88
48006461,1
139371669,9.88
13308433,5.77
14122711,5.77
13308435,5.77
13308435,5.77
41868039,6.86
10312229,1.28
10449184,1.38
45734536,6.97
31714421,4.37
10316881,3.32
33606262,12.94
425488211,3.32
10324485,1.97
54988842,22.47
10291453,2.94
51259550,2.25
51727071,5.24
442959681,3.63
882866080,3.98
106585958,5.88
20441600,5.88
35280943,3.22
14940667,3.22
874145802,3.42
559404794,4.48
677504334,4.74
166062362,1
10307652,3.64
284998358,2.25
654442950,1.98
38360240,3.12
32214774,4.22
10312472,2.26
10312441,2.5
426128136,1.87
47752454,2.98
184712956,2.98
20969684,2.5
37643096,3.48
162700117,2.98
10312439,3.98
746318535,4.96
54300726,3.47
10312442,3.98
191254258,2.94
182151370,2.94
110746551,3.97
155377783,3.97
155971489,4.94
159579188,2.94
16816412,4.94
629627549,2.94
38803262,1.96
635254127,4.94
10315446,1.38
38587659,2.48
261710522,4.94
21013575,4.52
10315438,1
10315442,3.84
10533038,1.77
10533038,1.77
502907592,1.34
454902619,2.97
10324361,5.84
15570986,1.97
10313652,4.52
544689732,1.48
533646542,3.28
26774890,2.78
953490188,6.92
300303229,3.98
290467021,3.98
28468231,2.73
45099788,2.73
33417631,4.18
184971132,3.82
16927792,2
50597545,1.98
105089029,3.97
158851667,3.97
50597535,1.98
10535862,1
10294620,2.98
44390989,4.46
14244869,4.46
10309699,4.46
10309701,4.46
52796312,1.98
50597536,1.98
50597538,1.98
50597542,1.98
108406477,3.97
50597548,1.98
109761212,4.97
51258933,1.98
50597552,1.98
50597550,1.98
52633655,2.26
50597544,1.98
51258915,5.94
50597546,1.98
21950023,3.96
100462514,3.97
50597563,1.98
50597541,1.98
13908160,2.28
10292659,5.42
36511541,3.24
23623832,4.96
10307673,6.48
49550252,10.47
10403813,1.78
12444553,6.36
12444555,13.62
10316163,1
10324474,1.98
893337,9.47
40711578,5.97
10403812,9.97
41172978,4
44665730,4
273422241,3.22
893339,7.87
10294203,12.96
432181345,10.47
39661525,7.72
10324480,3.88
20629922,13.98
40816797,4.5
10324911,2.48
17056970,4.37
1111750,9.48
10324484,3.88
639286013,6.24
28986013,8.78
888124,14.92
15716834,6.47
47041345,9.92
49769701,7.92
39457331,4.98
10294210,6.97
26971669,5.68
44395885,6.48
11964707,2.5
10309183,1.28
10292193,1.34
10309178,1.28
10309178,1.28
10309181,1.28
10309181,1.28
10309182,1.28
10309153,1.28
10313173,1.37
10291074,2.74
10291041,1.48
10291042,1.48
10309679,1.88
10291040,1.48
20554615,0.92
10307635,2
10307642,2
10307634,1.98
10307639,1.98
10824280,2.94
23816334,2.28
546209407,1.38
44391581,1.38
10324377,2.88
44391602,1.38
10308921,2.48
10308960,0.98
10308904,2.78
10308906,3.98
10308929,2.98
10308958,0.98
152215129,1.54
378941019,2.12
10290677,1.98
10308868,1.98
10290707,3.98
10308972,4.24
24093547,1.98
10290709,1.98
10308928,2.78
10290680,2.78
10307752,3.88
10818461,1.97
10813695,2.37
13812803,0.98
13812824,1.24
13812801,0.98
13812806,0.98
13812811,0.98
13812808,1.24
15610524,2.88
52673136,Out of Stock
13812823,1.24
153783693,2
541945647,6.48
157991373,3.38
10295041,2.58
10295044,2.58
10295042,2.58
39560954,4.28
46629720,2.67
10403362,3.96
132824145,2.98
33282308,2.68
33282306,2.68
44185594,2.68
44185596,2.68
44185614,2.68
35868952,1.98
10818721,2.25
10818720,2.25
246212997,1.44
24529905,2.98
24529904,2.98
667274741,1.44
45127027,3.47
44391123,3.47
360629834,3.47
184310759,4.97
32257670,1
22027024,1
22027023,1
10324623,7.88
104856306,14.97
10315449,1.84
10315452,1.84
10308104,3.28
10308113,2.84
10308105,2.84
492909841,3.88
52518415,1.5
38570794,16.98
43333516,15.46
38570793,16.98
21312044,2.62
697729590,1.68
10900155,2.98
39878661,6.94
136328454,6.94
10451484,2.98
277865377,1.98
20511639,2.42
251189677,7.97
209396963,7.97
10319381,2.08
10319375,1.98
10323751,5.12
10848962,2.62
10420927,3.24
10848951,1.98
10848964,1.88
14089403,1.98
10312635,2.98
10312599,2.48
870015059,6.98
14008709,3.98
168032322,0.67
10293323,3.34
10315285,0.7
24903969,0.67
10804936,1.98
24360272,0.67
558569562,Product Not Found
34017489,2.58
19276265,1.98
10402873,2.58
16785076,1.57
244663920,2.98
690596817,2.98
51259265,2.98
10295340,1.86
13424392,3.22
10413801,2.83
10307537,2.48
10295682,1.86
10307553,2.48
23591043,1.86
363739153,3.48
10295485,1.86
10295697,Out of Stock
13424391,3.22
51259281,3.48
10295681,1.86
188371403,Out of Stock
20894347,2.48
51316354,1.55
10451460,2.83
10414049,4.98
23591043,1.86
10307570,2.48
10307536,2.48
10295711,1.86
181552283,1.94
10295730,2.64
10295687,1.86
10295731,2.64
10295678,1.86
10295677,1.86
10295672,1.86
10307552,2.48
10295743,1.86
10307554,2.48
10295672,1.86
13908489,1.83
602552619,1.75
604801898,9.48
35520808,4.58
10790856,4.98
14574615,3.28
13448693,1.98
13448694,2.68
10320079,1.98
10320080,2.68
11984484,5.94
26853407,2.68
14574617,3.28
15240680,3.98
12512010,1.33
20864439,2.28
10790824,3.98
12512009,1.33
29147645,1.88
10317637,2.24
11984485,5.94
20850576,1.98
21283628,1.54
10308089,4.57
17283322,1.77
10849552,2.54
10849554,0.98
54989030,1.92
450769029,4.98
495094012,3.98
10448936,0.92
808687022,4.98
359695093,3.98
10309033,1.86
10318925,2.38
10448936,0.92
874661348,3.67
720633431,3.34
688797857,4.37
10316098,3.48
10533856,3.48
10316095,4.48
139089255,5.84
49409657,4.98
20850548,3.12
44391031,2.77
20435161,3.12
43285811,1
44391058,2.77
49463774,2.64
42678688,2.77
23872523,2.92
10316096,4.48
995442947,3.97
21092564,2.58
10308851,2.23
10308052,1.84
10309046,1.86
50597539,1.98
10308092,2.68
10308054,2.66
10308940,1.18
10813458,0.87
52384479,7.47
45152389,7.47
19529346,5.94
17177030,5.74
19856793,9.84
895944784,7.82
41269058,3.94
37332585,0.98
252822762,9.87
958509075,4
218461479,8.88
11047659,4.88
548787779,15.68
216208527,7
20669700,7.97
20669704,13.47
568829855,3
441059408,2
27047498,2
27047495,2.86
121388916,0.5
12166733,4.88
10291610,4.88
15610624,1.68
665764764,4.58
16777403,4.58
10452498,4.98
43830722,1.25
16777395,1.25
10291611,4.88
15610628,1.68
17341398,4.58
16777401,4.58
16504542,1.58
10452492,4.98
16785029,4.98
13424327,1.68
13424356,1.68
16785073,0.72
51259034,9.88
21298421,1.08
173896638,3.96
10849918,3.78
731488881,1.98
188287500,18.99
100408939,15.99
10984566,9.99
191420088,14.99
10996604,10.99
10984501,5.99
150712040,12.99
171985902,12.99
10984593,5.99
120718540,12.99
131775683,12.99
154476952,12.99
10984583,6.99
155673589,10.99
47333686,9.98
122897305,12.99
101820867,17.99
14053292,10.99
23554845,10.99
14053297,9.99
102634370,12.98
10984503,5.99
175857049,13.99
14053290,5.99
10984592,5.99
23554781,21.99
10984589,10.98
142912387,6.98
128131657,5.99
128131657,5.99
185231322,19.99
10984597,13.99
10984595,9.99
134961823,10.99
143002881,12.99
23554930,16.99
14118971,15.99